Date,Price,Quantity Sold
Feb 16 2018 01: +0,8.94,58774
Feb 17 2018 01: +0,5.09,67111
Feb 18 2018 01: +0,4.034,62299
Feb 19 2018 01: +0,3.948,50165
Feb 20 2018 01: +0,3.62,46028
Feb 21 2018 01: +0,3.361,45406
Feb 22 2018 01: +0,2.876,49342
Feb 23 2018 01: +0,2.536,56360
Feb 24 2018 01: +0,2.271,61486
Feb 25 2018 01: +0,1.9,62297
Feb 26 2018 01: +0,1.891,50454
Feb 27 2018 01: +0,1.922,47847
Feb 28 2018 01: +0,1.975,45872
Mar 01 2018 01: +0,1.917,46928
Mar 02 2018 01: +0,1.875,52559
Mar 03 2018 01: +0,1.526,61120
Mar 04 2018 01: +0,1.2,65102
Mar 05 2018 01: +0,1.193,50573
Mar 06 2018 01: +0,1.216,44644
Mar 07 2018 01: +0,1.238,44076
Mar 08 2018 01: +0,1.139,47470
Mar 09 2018 01: +0,1.071,52565
Mar 10 2018 01: +0,0.996,56621
Mar 11 2018 01: +0,0.894,55508
Mar 12 2018 01: +0,0.848,44889
Mar 13 2018 01: +0,0.833,44060
Mar 14 2018 01: +0,0.808,43027
Mar 15 2018 01: +0,0.805,42001
Mar 16 2018 01: +0,0.817,48983
Mar 17 2018 01: +0,0.754,54414
Mar 18 2018 01: +0,0.618,54608
Mar 19 2018 01: +0,0.585,41365
Mar 20 2018 01: +0,0.575,40703
Mar 21 2018 01: +0,0.577,38848
Mar 22 2018 01: +0,0.568,41052
Mar 23 2018 01: +0,0.57,44036
Mar 24 2018 01: +0,0.535,51603
Mar 25 2018 01: +0,0.475,47432
Mar 26 2018 01: +0,0.438,44414
Mar 27 2018 01: +0,0.432,45224
Mar 28 2018 01: +0,0.465,47510
Mar 29 2018 01: +0,0.497,46758
Mar 30 2018 01: +0,0.518,47222
Mar 31 2018 01: +0,0.481,43524
Apr 01 2018 01: +0,0.459,45564
Apr 02 2018 01: +0,0.466,42584
Apr 03 2018 01: +0,0.434,37049
Apr 04 2018 01: +0,0.471,39254
Apr 05 2018 01: +0,0.483,36755
Apr 06 2018 01: +0,0.478,37734
Apr 07 2018 01: +0,0.411,42104
Apr 08 2018 01: +0,0.361,39803
Apr 09 2018 01: +0,0.35,34477
Apr 10 2018 01: +0,0.352,35733
Apr 11 2018 01: +0,0.358,33122
Apr 12 2018 01: +0,0.364,35937
Apr 13 2018 01: +0,0.381,38995
Apr 14 2018 01: +0,0.358,41556
Apr 15 2018 01: +0,0.33,39124
Apr 16 2018 01: +0,0.319,31742
Apr 17 2018 01: +0,0.315,31188
Apr 18 2018 01: +0,0.308,30251
Apr 19 2018 01: +0,0.314,31304
Apr 20 2018 01: +0,0.301,32995
Apr 21 2018 01: +0,0.278,39448
Apr 22 2018 01: +0,0.252,37441
Apr 23 2018 01: +0,0.267,32825
Apr 24 2018 01: +0,0.275,30780
Apr 25 2018 01: +0,0.296,33233
Apr 26 2018 01: +0,0.302,31690
Apr 27 2018 01: +0,0.321,36656
Apr 28 2018 01: +0,0.311,39014
Apr 29 2018 01: +0,0.298,39486
Apr 30 2018 01: +0,0.311,37882
May 01 2018 01: +0,0.303,34300
May 02 2018 01: +0,0.275,29558
May 03 2018 01: +0,0.282,30209
May 04 2018 01: +0,0.286,31681
May 05 2018 01: +0,0.28,35669
May 06 2018 01: +0,0.262,33366
May 07 2018 01: +0,0.255,29461
May 08 2018 01: +0,0.252,30237
May 09 2018 01: +0,0.239,31548
May 10 2018 01: +0,0.256,32008
May 11 2018 01: +0,0.274,32484
May 12 2018 01: +0,0.26,32987
May 13 2018 01: +0,0.24,32359
May 14 2018 01: +0,0.24,27289
May 15 2018 01: +0,0.243,26673
May 16 2018 01: +0,0.241,26213
May 17 2018 01: +0,0.237,26652
May 18 2018 01: +0,0.234,30736
May 19 2018 01: +0,0.223,33768
May 20 2018 01: +0,0.215,33369
May 21 2018 01: +0,0.224,28869
May 22 2018 01: +0,0.213,26197
May 23 2018 01: +0,0.216,25752
May 24 2018 01: +0,0.213,26922
May 25 2018 01: +0,0.217,30746
May 26 2018 01: +0,0.212,32193
May 27 2018 01: +0,0.205,31530
May 28 2018 01: +0,0.201,29088
May 29 2018 01: +0,0.202,28494
May 30 2018 01: +0,0.203,28747
May 31 2018 01: +0,0.203,30888
Jun 01 2018 01: +0,0.204,32931
Jun 02 2018 01: +0,0.204,32827
Jun 03 2018 01: +0,0.2,32677
Jun 04 2018 01: +0,0.202,29199
Jun 05 2018 01: +0,0.197,27234
Jun 06 2018 01: +0,0.201,28949
Jun 07 2018 01: +0,0.197,28197
Jun 08 2018 01: +0,0.199,30357
Jun 09 2018 01: +0,0.197,31921
Jun 10 2018 01: +0,0.189,29920
Jun 11 2018 01: +0,0.178,26996
Jun 12 2018 01: +0,0.159,24907
Jun 13 2018 01: +0,0.128,28383
Jun 14 2018 01: +0,0.124,24248
Jun 15 2018 01: +0,0.132,25604
Jun 16 2018 01: +0,0.143,26947
Jun 17 2018 01: +0,0.145,25392
Jun 18 2018 01: +0,0.13,23194
Jun 19 2018 01: +0,0.118,23403
Jun 20 2018 01: +0,0.119,27234
Jun 21 2018 01: +0,0.116,27386
Jun 22 2018 01: +0,0.087,28229
Jun 23 2018 01: +0,0.08,28418
Jun 24 2018 01: +0,0.076,27354
Jun 25 2018 01: +0,0.07,24515
Jun 26 2018 01: +0,0.067,25405
Jun 27 2018 01: +0,0.071,24331
Jun 28 2018 01: +0,0.068,23185
Jun 29 2018 01: +0,0.082,28551
Jun 30 2018 01: +0,0.098,27202
Jul 01 2018 01: +0,0.095,28987
Jul 02 2018 01: +0,0.092,28755
Jul 03 2018 01: +0,0.087,26969
Jul 04 2018 01: +0,0.079,23964
Jul 05 2018 01: +0,0.075,24304
Jul 06 2018 01: +0,0.086,26775
Jul 07 2018 01: +0,0.107,31743
Jul 08 2018 01: +0,0.111,32027
Jul 09 2018 01: +0,0.114,30298
Jul 10 2018 01: +0,0.121,27525
Jul 11 2018 01: +0,0.115,26731
Jul 12 2018 01: +0,0.115,27022
Jul 13 2018 01: +0,0.119,28033
Jul 14 2018 01: +0,0.127,28160
Jul 15 2018 01: +0,0.139,30371
Jul 16 2018 01: +0,0.132,27259
Jul 17 2018 01: +0,0.127,29012
Jul 18 2018 01: +0,0.106,28276
Jul 19 2018 01: +0,0.105,26814
Jul 20 2018 01: +0,0.116,26428
Jul 21 2018 01: +0,0.124,27571
Jul 22 2018 01: +0,0.12,27241
Jul 23 2018 01: +0,0.113,26586
Jul 24 2018 01: +0,0.111,26479
Jul 25 2018 01: +0,0.112,27685
Jul 26 2018 01: +0,0.111,28525
Jul 27 2018 01: +0,0.115,26398
Jul 28 2018 01: +0,0.122,27952
Jul 29 2018 01: +0,0.126,29451
Jul 30 2018 01: +0,0.127,29194
Jul 31 2018 01: +0,0.134,29112
Aug 01 2018 01: +0,0.132,27597
Aug 02 2018 01: +0,0.131,27964
Aug 03 2018 01: +0,0.118,36548
Aug 04 2018 01: +0,0.102,32191
Aug 05 2018 01: +0,0.089,33342
Aug 06 2018 01: +0,0.08,31715
Aug 07 2018 01: +0,0.08,31339
Aug 08 2018 01: +0,0.082,31872
Aug 09 2018 01: +0,0.079,30609
Aug 10 2018 01: +0,0.074,31728
Aug 11 2018 01: +0,0.067,30548
Aug 12 2018 01: +0,0.06,30797
Aug 13 2018 01: +0,0.057,30414
Aug 14 2018 01: +0,0.049,28546
Aug 15 2018 01: +0,0.037,28795
Aug 16 2018 01: +0,0.035,22384
Aug 17 2018 01: +0,0.038,24526
Aug 18 2018 01: +0,0.039,26455
Aug 19 2018 01: +0,0.034,25734
Aug 20 2018 01: +0,0.032,22101
Aug 21 2018 01: +0,0.03,22416
Aug 22 2018 01: +0,0.03,19407
Aug 23 2018 01: +0,0.03,18971
Aug 24 2018 01: +0,0.03,19312
Aug 25 2018 01: +0,0.03,20576
Aug 26 2018 01: +0,0.03,22341
Aug 27 2018 01: +0,0.03,24876
Aug 28 2018 01: +0,0.03,20376
Aug 29 2018 01: +0,0.03,21229
Aug 30 2018 01: +0,0.03,24053
Aug 31 2018 01: +0,0.03,24380
Sep 01 2018 01: +0,0.03,23896
Sep 02 2018 01: +0,0.03,21806
Sep 03 2018 01: +0,0.03,19907
Sep 04 2018 01: +0,0.03,20007
Sep 05 2018 01: +0,0.03,21223
Sep 06 2018 01: +0,0.03,22092
Sep 07 2018 01: +0,0.03,22554
Sep 08 2018 01: +0,0.03,23752
Sep 09 2018 01: +0,0.03,25990
Sep 10 2018 01: +0,0.03,20392
Sep 11 2018 01: +0,0.03,19661
Sep 12 2018 01: +0,0.03,23041
Sep 13 2018 01: +0,0.03,22601
Sep 14 2018 01: +0,0.03,26804
Sep 15 2018 01: +0,0.03,30184
Sep 16 2018 01: +0,0.03,28134
Sep 17 2018 01: +0,0.03,19648
Sep 18 2018 01: +0,0.03,19020
Sep 19 2018 01: +0,0.03,19052
Sep 20 2018 01: +0,0.03,22242
Sep 21 2018 01: +0,0.03,23468
Sep 22 2018 01: +0,0.03,29403
Sep 23 2018 01: +0,0.03,29259
Sep 24 2018 01: +0,0.03,23570
Sep 25 2018 01: +0,0.03,21638
Sep 26 2018 01: +0,0.03,18492
Sep 27 2018 01: +0,0.03,20418
Sep 28 2018 01: +0,0.03,22713
Sep 29 2018 01: +0,0.03,24668
Sep 30 2018 01: +0,0.03,28146
Oct 01 2018 01: +0,0.03,23670
Oct 02 2018 01: +0,0.03,21124
Oct 03 2018 01: +0,0.03,25555
Oct 04 2018 01: +0,0.03,27319
Oct 05 2018 01: +0,0.03,28943
Oct 06 2018 01: +0,0.03,30760
Oct 07 2018 01: +0,0.03,27706
Oct 08 2018 01: +0,0.03,25158
Oct 09 2018 01: +0,0.03,24496
Oct 10 2018 01: +0,0.03,27441
Oct 11 2018 01: +0,0.03,27295
Oct 12 2018 01: +0,0.03,30622
Oct 13 2018 01: +0,0.03,31922
Oct 14 2018 01: +0,0.03,28972
Oct 15 2018 01: +0,0.03,24263
Oct 16 2018 01: +0,0.03,22562
Oct 17 2018 01: +0,0.03,24538
Oct 18 2018 01: +0,0.03,24134
Oct 19 2018 01: +0,0.03,23002
Oct 20 2018 01: +0,0.03,26809
Oct 21 2018 01: +0,0.03,29610
Oct 22 2018 01: +0,0.03,24278
Oct 23 2018 01: +0,0.03,23429
Oct 24 2018 01: +0,0.03,24359
Oct 25 2018 01: +0,0.03,24326
Oct 26 2018 01: +0,0.03,27818
Oct 27 2018 01: +0,0.03,31425
Oct 28 2018 01: +0,0.03,26268
Oct 29 2018 01: +0,0.03,27456
Oct 30 2018 01: +0,0.03,24703
Oct 31 2018 01: +0,0.03,25303
Nov 01 2018 01: +0,0.03,28757
Nov 02 2018 01: +0,0.03,23283
Nov 03 2018 01: +0,0.03,26269
Nov 04 2018 01: +0,0.03,23589
Nov 05 2018 01: +0,0.03,17679
Nov 06 2018 01: +0,0.03,16311
Nov 07 2018 01: +0,0.03,16046
Nov 08 2018 01: +0,0.03,18498
Nov 09 2018 01: +0,0.03,21854
Nov 10 2018 01: +0,0.03,22244
Nov 11 2018 01: +0,0.03,22041
Nov 12 2018 01: +0,0.03,17396
Nov 13 2018 01: +0,0.03,17263
Nov 14 2018 01: +0,0.03,17968
Nov 15 2018 01: +0,0.03,17789
Nov 16 2018 01: +0,0.03,17341
Nov 17 2018 01: +0,0.03,22008
Nov 18 2018 01: +0,0.03,22591
Nov 19 2018 01: +0,0.03,20513
Nov 20 2018 01: +0,0.03,24325
Nov 21 2018 01: +0,0.03,20372
Nov 22 2018 01: +0,0.03,19526
Nov 23 2018 01: +0,0.03,20102
Nov 24 2018 01: +0,0.03,22117
Nov 25 2018 01: +0,0.03,25800
Nov 26 2018 01: +0,0.03,17663
Nov 27 2018 01: +0,0.03,22460
Nov 28 2018 01: +0,0.03,20872
Nov 29 2018 01: +0,0.03,19132
Nov 30 2018 01: +0,0.03,18899
Dec 01 2018 01: +0,0.03,24734
Dec 02 2018 01: +0,0.03,25144
Dec 03 2018 01: +0,0.03,16512
Dec 04 2018 01: +0,0.03,16499
Dec 05 2018 01: +0,0.03,17691
Dec 06 2018 01: +0,0.03,17503
Dec 07 2018 01: +0,0.03,22687
Dec 08 2018 01: +0,0.03,28030
Dec 09 2018 01: +0,0.03,25867
Dec 10 2018 01: +0,0.03,22615
Dec 11 2018 01: +0,0.03,23903
Dec 12 2018 01: +0,0.03,22210
Dec 13 2018 01: +0,0.03,22903
Dec 14 2018 01: +0,0.03,26485
Dec 15 2018 01: +0,0.03,26244
Dec 16 2018 01: +0,0.03,25205
Dec 17 2018 01: +0,0.03,21366
Dec 18 2018 01: +0,0.03,22926
Dec 19 2018 01: +0,0.03,21533
Dec 20 2018 01: +0,0.03,22131
Dec 21 2018 01: +0,0.03,31473
Dec 22 2018 01: +0,0.03,29214
Dec 23 2018 01: +0,0.03,28369
Dec 24 2018 01: +0,0.03,28272
Dec 25 2018 01: +0,0.03,35835
Dec 26 2018 01: +0,0.03,31449
Dec 27 2018 01: +0,0.03,30036
Dec 28 2018 01: +0,0.03,26850
Dec 29 2018 01: +0,0.03,30648
Dec 30 2018 01: +0,0.03,24951
Dec 31 2018 01: +0,0.03,29090
Jan 01 2019 01: +0,0.03,28340
Jan 02 2019 01: +0,0.03,31567
Jan 03 2019 01: +0,0.03,33896
Jan 04 2019 01: +0,0.03,33145
Jan 05 2019 01: +0,0.03,32152
Jan 06 2019 01: +0,0.03,27189
Jan 07 2019 01: +0,0.03,26416
Jan 08 2019 01: +0,0.03,26181
Jan 09 2019 01: +0,0.03,25780
Jan 10 2019 01: +0,0.03,29522
Jan 11 2019 01: +0,0.03,29142
Jan 12 2019 01: +0,0.03,29234
Jan 13 2019 01: +0,0.03,30101
Jan 14 2019 01: +0,0.03,34312
Jan 15 2019 01: +0,0.03,29197
Jan 16 2019 01: +0,0.03,32197
Jan 17 2019 01: +0,0.03,35989
Jan 18 2019 01: +0,0.03,27177
Jan 19 2019 01: +0,0.03,34941
Jan 20 2019 01: +0,0.03,36077
Jan 21 2019 01: +0,0.03,32522
Jan 22 2019 01: +0,0.03,31814
Jan 23 2019 01: +0,0.03,29834
Jan 24 2019 01: +0,0.03,30860
Jan 25 2019 01: +0,0.03,33558
Jan 26 2019 01: +0,0.03,36121
Jan 27 2019 01: +0,0.03,35503
Jan 28 2019 01: +0,0.03,30003
Jan 29 2019 01: +0,0.03,32014
Jan 30 2019 01: +0,0.03,33844
Jan 31 2019 01: +0,0.03,41773
Feb 01 2019 01: +0,0.03,28318
Feb 02 2019 01: +0,0.03,29751
Feb 03 2019 01: +0,0.03,42311
Feb 04 2019 01: +0,0.03,31348
Feb 05 2019 01: +0,0.03,27421
Feb 06 2019 01: +0,0.03,26062
Feb 07 2019 01: +0,0.03,32598
Feb 08 2019 01: +0,0.03,36172
Feb 09 2019 01: +0,0.03,35897
Feb 10 2019 01: +0,0.03,30872
Feb 11 2019 01: +0,0.03,31630
Feb 12 2019 01: +0,0.03,31456
Feb 13 2019 01: +0,0.03,32867
Feb 14 2019 01: +0,0.03,26891
Feb 15 2019 01: +0,0.03,34176
Feb 16 2019 01: +0,0.03,30288
Feb 17 2019 01: +0,0.03,30748
Feb 18 2019 01: +0,0.03,26222
Feb 19 2019 01: +0,0.03,33154
Feb 20 2019 01: +0,0.03,47083
Feb 21 2019 01: +0,0.03,36893
Feb 22 2019 01: +0,0.03,37473
Feb 23 2019 01: +0,0.03,37532
Feb 24 2019 01: +0,0.03,37636
Feb 25 2019 01: +0,0.03,28341
Feb 26 2019 01: +0,0.03,28427
Feb 27 2019 01: +0,0.03,31556
Feb 28 2019 01: +0,0.03,34798
Mar 01 2019 01: +0,0.03,35830
Mar 02 2019 01: +0,0.03,47668
Mar 03 2019 01: +0,0.03,42993
Mar 04 2019 01: +0,0.03,34728
Mar 05 2019 01: +0,0.03,29388
Mar 06 2019 01: +0,0.03,35046
Mar 07 2019 01: +0,0.03,32109
Mar 08 2019 01: +0,0.03,35252
Mar 09 2019 01: +0,0.03,42547
Mar 10 2019 01: +0,0.03,36592
Mar 11 2019 01: +0,0.03,32906
Mar 12 2019 01: +0,0.03,29451
Mar 13 2019 01: +0,0.03,30990
Mar 14 2019 01: +0,0.03,34898
Mar 15 2019 01: +0,0.03,38638
Mar 16 2019 01: +0,0.03,48264
Mar 17 2019 01: +0,0.03,41603
Mar 18 2019 01: +0,0.03,36437
Mar 19 2019 01: +0,0.03,34493
Mar 20 2019 01: +0,0.03,32678
Mar 21 2019 01: +0,0.03,37737
Mar 22 2019 01: +0,0.03,43070
Mar 23 2019 01: +0,0.03,42793
Mar 24 2019 01: +0,0.03,43092
Mar 25 2019 01: +0,0.03,38813
Mar 26 2019 01: +0,0.03,38201
Mar 27 2019 01: +0,0.03,38673
Mar 28 2019 01: +0,0.03,38945
Mar 29 2019 01: +0,0.03,43055
Mar 30 2019 01: +0,0.03,39556
Mar 31 2019 01: +0,0.03,44009
Apr 01 2019 01: +0,0.03,31771
Apr 02 2019 01: +0,0.03,48453
Apr 03 2019 01: +0,0.03,38589
Apr 04 2019 01: +0,0.03,49652
Apr 05 2019 01: +0,0.03,31477
Apr 06 2019 01: +0,0.03,33985
Apr 07 2019 01: +0,0.03,37263
Apr 08 2019 01: +0,0.03,34415
Apr 09 2019 01: +0,0.03,31445
Apr 10 2019 01: +0,0.03,39647
Apr 11 2019 01: +0,0.03,40008
Apr 12 2019 01: +0,0.03,38398
Apr 13 2019 01: +0,0.03,54277
Apr 14 2019 01: +0,0.03,47380
Apr 15 2019 01: +0,0.03,45310
Apr 16 2019 01: +0,0.03,45372
Apr 17 2019 01: +0,0.03,51791
Apr 18 2019 01: +0,0.03,49903
Apr 19 2019 01: +0,0.03,40255
Apr 20 2019 01: +0,0.03,46725
Apr 21 2019 01: +0,0.03,37134
Apr 22 2019 01: +0,0.03,43037
Apr 23 2019 01: +0,0.03,38127
Apr 24 2019 01: +0,0.03,39252
Apr 25 2019 01: +0,0.03,28508
Apr 26 2019 01: +0,0.03,28102
Apr 27 2019 01: +0,0.03,42065
Apr 28 2019 01: +0,0.03,35854
Apr 29 2019 01: +0,0.03,30511
Apr 30 2019 01: +0,0.03,36607
May 01 2019 01: +0,0.03,37261
May 02 2019 01: +0,0.03,36948
May 03 2019 01: +0,0.03,37263
May 04 2019 01: +0,0.03,39808
May 05 2019 01: +0,0.03,46892
May 06 2019 01: +0,0.03,28234
May 07 2019 01: +0,0.03,29949
May 08 2019 01: +0,0.03,31042
May 09 2019 01: +0,0.03,28154
May 10 2019 01: +0,0.03,46841
May 11 2019 01: +0,0.03,33507
May 12 2019 01: +0,0.03,30307
May 13 2019 01: +0,0.03,28628
May 14 2019 01: +0,0.03,35463
May 15 2019 01: +0,0.03,42855
May 16 2019 01: +0,0.03,32551
May 17 2019 01: +0,0.03,34597
May 18 2019 01: +0,0.03,42664
May 19 2019 01: +0,0.03,37378
May 20 2019 01: +0,0.03,42274
May 21 2019 01: +0,0.03,37077
May 22 2019 01: +0,0.03,33149
May 23 2019 01: +0,0.03,34186
May 24 2019 01: +0,0.03,35651
May 25 2019 01: +0,0.03,43106
May 26 2019 01: +0,0.03,34712
May 27 2019 01: +0,0.03,33425
May 28 2019 01: +0,0.03,30854
May 29 2019 01: +0,0.03,35813
May 30 2019 01: +0,0.03,33599
May 31 2019 01: +0,0.03,41917
Jun 01 2019 01: +0,0.03,42188
Jun 02 2019 01: +0,0.03,48290
Jun 03 2019 01: +0,0.03,37982
Jun 04 2019 01: +0,0.03,37863
Jun 05 2019 01: +0,0.03,41526
Jun 06 2019 01: +0,0.03,41032
Jun 07 2019 01: +0,0.03,41869
Jun 08 2019 01: +0,0.03,43393
Jun 09 2019 01: +0,0.03,42501
Jun 10 2019 01: +0,0.03,41504
Jun 11 2019 01: +0,0.03,46110
Jun 12 2019 01: +0,0.03,40245
Jun 13 2019 01: +0,0.03,40204
Jun 14 2019 01: +0,0.03,46313
Jun 15 2019 01: +0,0.03,46829
Jun 16 2019 01: +0,0.03,42984
Jun 17 2019 01: +0,0.03,39620
Jun 18 2019 01: +0,0.03,39575
Jun 19 2019 01: +0,0.03,40045
Jun 20 2019 01: +0,0.03,45805
Jun 21 2019 01: +0,0.03,46604
Jun 22 2019 01: +0,0.03,47138
Jun 23 2019 01: +0,0.03,48763
Jun 24 2019 01: +0,0.03,39336
Jun 25 2019 01: +0,0.03,57169
Jun 26 2019 01: +0,0.03,54298
Jun 27 2019 01: +0,0.03,58152
Jun 28 2019 01: +0,0.03,46700
Jun 29 2019 01: +0,0.03,47005
Jun 30 2019 01: +0,0.03,46753
Jul 01 2019 01: +0,0.03,42644
Jul 02 2019 01: +0,0.03,47292
Jul 03 2019 01: +0,0.03,47010
Jul 04 2019 01: +0,0.03,42891
Jul 05 2019 01: +0,0.03,42206
Jul 06 2019 01: +0,0.03,45369
Jul 07 2019 01: +0,0.03,41105
Jul 08 2019 01: +0,0.03,40002
Jul 09 2019 01: +0,0.03,44594
Jul 10 2019 01: +0,0.03,43254
Jul 11 2019 01: +0,0.03,43681
Jul 12 2019 01: +0,0.03,43736
Jul 13 2019 01: +0,0.03,42097
Jul 14 2019 01: +0,0.03,52110
Jul 15 2019 01: +0,0.03,42055
Jul 16 2019 01: +0,0.03,50767
Jul 17 2019 01: +0,0.03,49280
Jul 18 2019 01: +0,0.03,48714
Jul 19 2019 01: +0,0.03,54457
Jul 20 2019 01: +0,0.03,49556
Jul 21 2019 01: +0,0.03,52156
Jul 22 2019 01: +0,0.03,44069
Jul 23 2019 01: +0,0.03,50675
Jul 24 2019 01: +0,0.03,44970
Jul 25 2019 01: +0,0.03,56545
Jul 26 2019 01: +0,0.03,55373
Jul 27 2019 01: +0,0.03,45448
Jul 28 2019 01: +0,0.03,46606
Jul 29 2019 01: +0,0.03,49803
Jul 30 2019 01: +0,0.03,46394
Jul 31 2019 01: +0,0.03,63006
Aug 01 2019 01: +0,0.03,59781
Aug 02 2019 01: +0,0.03,55808
Aug 03 2019 01: +0,0.03,54604
Aug 04 2019 01: +0,0.03,78578
Aug 05 2019 01: +0,0.03,69894
Aug 06 2019 01: +0,0.03,70263
Aug 07 2019 01: +0,0.03,64838
Aug 08 2019 01: +0,0.03,73454
Aug 09 2019 01: +0,0.03,78180
Aug 10 2019 01: +0,0.03,85068
Aug 11 2019 01: +0,0.03,190308
Aug 12 2019 01: +0,0.03,136511
Aug 13 2019 01: +0,0.03,120920
Aug 14 2019 01: +0,0.03,84619
Aug 15 2019 01: +0,0.03,63414
Aug 16 2019 01: +0,0.03,82041
Aug 17 2019 01: +0,0.03,69112
Aug 18 2019 01: +0,0.03,80775
Aug 19 2019 01: +0,0.03,67260
Aug 20 2019 01: +0,0.03,68000
Aug 21 2019 01: +0,0.03,73186
Aug 22 2019 01: +0,0.03,76557
Aug 23 2019 01: +0,0.03,93145
Aug 24 2019 01: +0,0.03,85443
Aug 25 2019 01: +0,0.03,81684
Aug 26 2019 01: +0,0.03,79504
Aug 27 2019 01: +0,0.03,84579
Aug 28 2019 01: +0,0.03,60451
Aug 29 2019 01: +0,0.03,74829
Aug 30 2019 01: +0,0.03,86312
Aug 31 2019 01: +0,0.03,91335
Sep 01 2019 01: +0,0.03,99321
Sep 02 2019 01: +0,0.03,88541
Sep 03 2019 01: +0,0.032,91426
Sep 04 2019 01: +0,0.035,95904
Sep 05 2019 01: +0,0.039,88474
Sep 06 2019 01: +0,0.044,105938
Sep 07 2019 01: +0,0.047,126890
Sep 08 2019 01: +0,0.039,125457
Sep 09 2019 01: +0,0.038,97702
Sep 10 2019 01: +0,0.04,97994
Sep 11 2019 01: +0,0.046,102415
Sep 12 2019 01: +0,0.048,95291
Sep 13 2019 01: +0,0.049,108235
Sep 14 2019 01: +0,0.049,123528
Sep 15 2019 01: +0,0.048,113418
Sep 16 2019 01: +0,0.046,84913
Sep 17 2019 01: +0,0.043,87836
Sep 18 2019 01: +0,0.046,91987
Sep 19 2019 01: +0,0.049,89435
Sep 20 2019 01: +0,0.051,98285
Sep 21 2019 01: +0,0.05,109862
Sep 22 2019 01: +0,0.05,106841
Sep 23 2019 01: +0,0.053,85311
Sep 24 2019 01: +0,0.052,80833
Sep 25 2019 01: +0,0.055,97851
Sep 26 2019 01: +0,0.066,97023
Sep 27 2019 01: +0,0.074,99942
Sep 28 2019 01: +0,0.082,118508
Sep 29 2019 01: +0,0.081,116652
Sep 30 2019 01: +0,0.079,98102
Oct 01 2019 01: +0,0.088,116358
Oct 02 2019 01: +0,0.097,110730
Oct 03 2019 01: +0,0.098,126992
Oct 04 2019 01: +0,0.099,131573
Oct 05 2019 01: +0,0.09,135065
Oct 06 2019 01: +0,0.079,124635
Oct 07 2019 01: +0,0.08,99508
Oct 08 2019 01: +0,0.084,105339
Oct 09 2019 01: +0,0.09,116394
Oct 10 2019 01: +0,0.097,125177
Oct 11 2019 01: +0,0.101,113268
Oct 12 2019 01: +0,0.097,137414
Oct 13 2019 01: +0,0.099,136267
Oct 14 2019 01: +0,0.1,111454
Oct 15 2019 01: +0,0.103,98357
Oct 16 2019 01: +0,0.101,91566
Oct 17 2019 01: +0,0.101,96477
Oct 18 2019 01: +0,0.101,124791
Oct 19 2019 01: +0,0.089,160049
Oct 20 2019 01: +0,0.077,139081
Oct 21 2019 01: +0,0.074,111395
Oct 22 2019 01: +0,0.068,86399
Oct 23 2019 01: +0,0.064,89942
Oct 24 2019 01: +0,0.062,90808
Oct 25 2019 01: +0,0.063,100500
Oct 26 2019 01: +0,0.061,113200
Oct 27 2019 01: +0,0.06,103092
Oct 28 2019 01: +0,0.056,80129
Oct 29 2019 01: +0,0.047,71591
Oct 30 2019 01: +0,0.034,60186
Oct 31 2019 01: +0,0.03,64145
Nov 01 2019 01: +0,0.03,68565
Nov 02 2019 01: +0,0.042,122008
Nov 03 2019 01: +0,0.045,73580
Nov 04 2019 01: +0,0.039,59734
Nov 05 2019 01: +0,0.037,52504
Nov 06 2019 01: +0,0.035,48189
Nov 07 2019 01: +0,0.032,54112
Nov 08 2019 01: +0,0.03,53154
Nov 09 2019 01: +0,0.03,60550
Nov 10 2019 01: +0,0.03,57132
Nov 11 2019 01: +0,0.03,52907
Nov 12 2019 01: +0,0.03,41271
Nov 13 2019 01: +0,0.03,41547
Nov 14 2019 01: +0,0.03,44745
Nov 15 2019 01: +0,0.03,45895
Nov 16 2019 01: +0,0.03,54764
Nov 17 2019 01: +0,0.03,45619
Nov 18 2019 01: +0,0.03,42130
Nov 19 2019 01: +0,0.03,62371
Nov 20 2019 01: +0,0.03,48686
Nov 21 2019 01: +0,0.03,43172
Nov 22 2019 01: +0,0.03,41954
Nov 23 2019 01: +0,0.03,70157
Nov 24 2019 01: +0,0.03,60228
Nov 25 2019 01: +0,0.03,45457
Nov 26 2019 01: +0,0.03,50304
Nov 27 2019 01: +0,0.03,55016
Nov 28 2019 01: +0,0.03,49968
Nov 29 2019 01: +0,0.03,46914
Nov 30 2019 01: +0,0.03,53928
Dec 01 2019 01: +0,0.03,50804
Dec 02 2019 01: +0,0.03,42649
Dec 03 2019 01: +0,0.03,42760
Dec 04 2019 01: +0,0.03,43949
Dec 05 2019 01: +0,0.03,40049
Dec 06 2019 01: +0,0.03,41153
Dec 07 2019 01: +0,0.03,49181
Dec 08 2019 01: +0,0.03,52431
Dec 09 2019 01: +0,0.03,50945
Dec 10 2019 01: +0,0.03,45586
Dec 11 2019 01: +0,0.03,49146
Dec 12 2019 01: +0,0.03,45518
Dec 13 2019 01: +0,0.03,51376
Dec 14 2019 01: +0,0.03,51980
Dec 15 2019 01: +0,0.03,46266
Dec 16 2019 01: +0,0.03,43420
Dec 17 2019 01: +0,0.03,43660
Dec 18 2019 01: +0,0.03,49467
Dec 19 2019 01: +0,0.03,52473
Dec 20 2019 01: +0,0.03,52273
Dec 21 2019 01: +0,0.03,56221
Dec 22 2019 01: +0,0.03,47235
Dec 23 2019 01: +0,0.03,66771
Dec 24 2019 01: +0,0.03,53409
Dec 25 2019 01: +0,0.03,56878
Dec 26 2019 01: +0,0.03,69251
Dec 27 2019 01: +0,0.03,57695
Dec 28 2019 01: +0,0.03,62838
Dec 29 2019 01: +0,0.03,58365
Dec 30 2019 01: +0,0.03,53710
Dec 31 2019 01: +0,0.03,51914
Jan 01 2020 01: +0,0.03,52506
Jan 02 2020 01: +0,0.03,61623
Jan 03 2020 01: +0,0.03,58494
Jan 04 2020 01: +0,0.03,61323
Jan 05 2020 01: +0,0.03,68359
Jan 06 2020 01: +0,0.03,60141
Jan 07 2020 01: +0,0.03,56575
Jan 08 2020 01: +0,0.03,56582
Jan 09 2020 01: +0,0.03,62510
Jan 10 2020 01: +0,0.03,60505
Jan 11 2020 01: +0,0.03,71036
Jan 12 2020 01: +0,0.03,64842
Jan 13 2020 01: +0,0.03,59586
Jan 14 2020 01: +0,0.03,57240
Jan 15 2020 01: +0,0.03,62116
Jan 16 2020 01: +0,0.03,67106
Jan 17 2020 01: +0,0.03,77943
Jan 18 2020 01: +0,0.03,78921
Jan 19 2020 01: +0,0.03,84551
Jan 20 2020 01: +0,0.038,117569
Jan 21 2020 01: +0,0.04,95106
Jan 22 2020 01: +0,0.039,70700
Jan 23 2020 01: +0,0.035,77474
Jan 24 2020 01: +0,0.033,88665
Jan 25 2020 01: +0,0.034,99763
Jan 26 2020 01: +0,0.031,89552
Jan 27 2020 01: +0,0.031,78782
Jan 28 2020 01: +0,0.037,89852
Jan 29 2020 01: +0,0.04,81168
Jan 30 2020 01: +0,0.04,67427
Jan 31 2020 01: +0,0.042,77111
Feb 01 2020 01: +0,0.041,82443
Feb 02 2020 01: +0,0.039,92995
Feb 03 2020 01: +0,0.04,77947
Feb 04 2020 01: +0,0.041,76737
Feb 05 2020 01: +0,0.04,80136
Feb 06 2020 01: +0,0.042,92726
Feb 07 2020 01: +0,0.049,117396
Feb 08 2020 01: +0,0.048,104123
Feb 09 2020 01: +0,0.044,104449
Feb 10 2020 01: +0,0.039,72329
Feb 11 2020 01: +0,0.036,66218
Feb 12 2020 01: +0,0.036,73866
Feb 13 2020 01: +0,0.036,73867
Feb 14 2020 01: +0,0.042,90683
Feb 15 2020 01: +0,0.041,97611
Feb 16 2020 01: +0,0.04,92612
Feb 17 2020 01: +0,0.04,68231
Feb 18 2020 01: +0,0.039,73025
Feb 19 2020 01: +0,0.038,74140
Feb 20 2020 01: +0,0.038,76942
Feb 21 2020 01: +0,0.041,94313
Feb 22 2020 01: +0,0.043,112108
Feb 23 2020 01: +0,0.058,185358
Feb 24 2020 01: +0,0.06,147232
Feb 25 2020 01: +0,0.065,130932
Feb 26 2020 01: +0,0.064,110440
Feb 27 2020 01: +0,0.068,115830
Feb 28 2020 01: +0,0.06,105689
Feb 29 2020 01: +0,0.058,128417
Mar 01 2020 01: +0,0.058,122093
Mar 02 2020 01: +0,0.055,96262
Mar 03 2020 01: +0,0.053,90256
Mar 04 2020 01: +0,0.05,97442
Mar 05 2020 01: +0,0.049,85927
Mar 06 2020 01: +0,0.048,93915
Mar 07 2020 01: +0,0.046,102614
Mar 08 2020 01: +0,0.045,96635
Mar 09 2020 01: +0,0.045,84233
Mar 10 2020 01: +0,0.043,76801
Mar 11 2020 01: +0,0.043,82938
Mar 12 2020 01: +0,0.041,81584
Mar 13 2020 01: +0,0.039,98923
Mar 14 2020 01: +0,0.04,95495
Mar 15 2020 01: +0,0.04,95156
Mar 16 2020 01: +0,0.038,81654
Mar 17 2020 01: +0,0.036,82856
Mar 18 2020 01: +0,0.033,83151
Mar 19 2020 01: +0,0.03,82469
Mar 20 2020 01: +0,0.03,85599
Mar 21 2020 01: +0,0.03,78479
Mar 22 2020 01: +0,0.03,84644
Mar 23 2020 01: +0,0.03,81625
Mar 24 2020 01: +0,0.03,75551
Mar 25 2020 01: +0,0.03,80577
Mar 26 2020 01: +0,0.03,77413
Mar 27 2020 01: +0,0.03,77463
Mar 28 2020 01: +0,0.03,82607
Mar 29 2020 01: +0,0.03,70609
Mar 30 2020 01: +0,0.03,90877
Mar 31 2020 01: +0,0.03,100404
Apr 01 2020 01: +0,0.03,118862
Apr 02 2020 01: +0,0.03,115821
Apr 03 2020 01: +0,0.03,103776
Apr 04 2020 01: +0,0.03,104569
Apr 05 2020 01: +0,0.03,96209
Apr 06 2020 01: +0,0.03,113695
Apr 07 2020 01: +0,0.03,103411
Apr 08 2020 01: +0,0.03,114994
Apr 09 2020 01: +0,0.03,101979
Apr 10 2020 01: +0,0.03,95686
Apr 11 2020 01: +0,0.03,111160
Apr 12 2020 01: +0,0.03,96099
Apr 13 2020 01: +0,0.03,103752
Apr 14 2020 01: +0,0.03,115124
Apr 15 2020 01: +0,0.03,108439
Apr 16 2020 01: +0,0.03,120428
Apr 17 2020 01: +0,0.03,116075
Apr 18 2020 01: +0,0.03,102242
Apr 19 2020 01: +0,0.03,105986
Apr 20 2020 01: +0,0.03,106734
Apr 21 2020 01: +0,0.03,104135
Apr 22 2020 01: +0,0.03,114130
Apr 23 2020 01: +0,0.03,105216
Apr 24 2020 01: +0,0.03,104977
Apr 25 2020 01: +0,0.03,100498
Apr 26 2020 01: +0,0.03,107462
Apr 27 2020 01: +0,0.03,101519
Apr 28 2020 01: +0,0.03,98592
Apr 29 2020 01: +0,0.03,100609
Apr 30 2020 01: +0,0.03,102984
May 01 2020 01: +0,0.03,101971
May 02 2020 01: +0,0.03,109193
May 03 2020 01: +0,0.03,110196
May 04 2020 01: +0,0.03,99330
May 05 2020 01: +0,0.03,99831
May 06 2020 01: +0,0.03,101834
May 07 2020 01: +0,0.03,109009
May 08 2020 01: +0,0.03,124900
May 09 2020 01: +0,0.03,106851
May 10 2020 01: +0,0.03,105407
May 11 2020 01: +0,0.03,105818
May 12 2020 01: +0,0.03,104061
May 13 2020 01: +0,0.03,101162
May 14 2020 01: +0,0.031,118233
May 15 2020 01: +0,0.031,112854
May 16 2020 01: +0,0.034,103919
May 17 2020 01: +0,0.036,103671
May 18 2020 01: +0,0.037,105731
May 19 2020 01: +0,0.039,111032
May 20 2020 01: +0,0.042,148311
May 21 2020 01: +0,0.043,117940
May 22 2020 01: +0,0.046,130090
May 23 2020 01: +0,0.053,148118
May 24 2020 01: +0,0.051,122132
May 25 2020 01: +0,0.046,112120
May 26 2020 01: +0,0.039,104406
May 27 2020 01: +0,0.039,100274
May 28 2020 01: +0,0.04,101826
May 29 2020 01: +0,0.043,104954
May 30 2020 01: +0,0.043,95916
May 31 2020 01: +0,0.044,101336
Jun 01 2020 01: +0,0.046,106305
Jun 02 2020 01: +0,0.049,103163
Jun 03 2020 01: +0,0.049,110591
Jun 04 2020 01: +0,0.052,116606
Jun 05 2020 01: +0,0.055,148136
Jun 06 2020 01: +0,0.068,289366
Jun 07 2020 01: +0,0.08,193116
Jun 08 2020 01: +0,0.068,124833
Jun 09 2020 01: +0,0.068,111528
Jun 10 2020 01: +0,0.07,105747
Jun 11 2020 01: +0,0.069,100461
Jun 12 2020 01: +0,0.073,104989
Jun 13 2020 01: +0,0.075,103313
Jun 14 2020 01: +0,0.073,101701
Jun 15 2020 01: +0,0.076,118665
Jun 16 2020 01: +0,0.08,116078
Jun 17 2020 01: +0,0.079,111938
Jun 18 2020 01: +0,0.078,106757
Jun 19 2020 01: +0,0.077,107574
Jun 20 2020 01: +0,0.078,108474
Jun 21 2020 01: +0,0.079,106183
Jun 22 2020 01: +0,0.078,102302
Jun 23 2020 01: +0,0.078,100459
Jun 24 2020 01: +0,0.08,103530
Jun 25 2020 01: +0,0.079,121273
Jun 26 2020 01: +0,0.085,197006
Jun 27 2020 01: +0,0.109,257143
Jun 28 2020 01: +0,0.112,125064
Jun 29 2020 01: +0,0.107,134786
Jun 30 2020 01: +0,0.11,133559
Jul 01 2020 01: +0,0.119,138168
Jul 02 2020 01: +0,0.143,234543
Jul 03 2020 01: +0,0.168,216326
Jul 04 2020 01: +0,0.181,209468
Jul 05 2020 01: +0,0.154,158944
Jul 06 2020 01: +0,0.134,131636
Jul 07 2020 01: +0,0.135,123148
Jul 08 2020 01: +0,0.129,125708
Jul 09 2020 01: +0,0.132,120416
Jul 10 2020 01: +0,0.136,116347
Jul 11 2020 01: +0,0.138,120222
Jul 12 2020 01: +0,0.136,116014
Jul 13 2020 01: +0,0.132,107070
Jul 14 2020 01: +0,0.126,110763
Jul 15 2020 01: +0,0.119,118244
Jul 16 2020 01: +0,0.123,126754
Jul 17 2020 01: +0,0.135,142747
Jul 18 2020 01: +0,0.139,133137
Jul 19 2020 01: +0,0.142,149305
Jul 20 2020 01: +0,0.15,162177
Jul 21 2020 01: +0,0.164,140755
Jul 22 2020 01: +0,0.169,111601
Jul 23 2020 01: +0,0.17,106018
Jul 24 2020 01: +0,0.175,114082
Jul 25 2020 01: +0,0.173,118247
Jul 26 2020 01: +0,0.165,114503
Jul 27 2020 01: +0,0.155,115653
Jul 28 2020 01: +0,0.148,107796
Jul 29 2020 01: +0,0.143,105317
Jul 30 2020 01: +0,0.144,104318
Jul 31 2020 01: +0,0.143,103991
Aug 01 2020 01: +0,0.148,116891
Aug 02 2020 01: +0,0.144,114661
Aug 03 2020 01: +0,0.141,109372
Aug 04 2020 01: +0,0.144,111003
Aug 05 2020 01: +0,0.141,119537
Aug 06 2020 01: +0,0.144,102793
Aug 07 2020 01: +0,0.142,145848
Aug 08 2020 01: +0,0.138,116136
Aug 09 2020 01: +0,0.136,112450
Aug 10 2020 01: +0,0.132,105852
Aug 11 2020 01: +0,0.129,107153
Aug 12 2020 01: +0,0.125,100383
Aug 13 2020 01: +0,0.123,94968
Aug 14 2020 01: +0,0.12,100878
Aug 15 2020 01: +0,0.116,94438
Aug 16 2020 01: +0,0.111,95064
Aug 17 2020 01: +0,0.104,94880
Aug 18 2020 01: +0,0.102,106650
Aug 19 2020 01: +0,0.102,97473
Aug 20 2020 01: +0,0.1,91391
Aug 21 2020 01: +0,0.105,92188
Aug 22 2020 01: +0,0.104,90409
Aug 23 2020 01: +0,0.104,96694
Aug 24 2020 01: +0,0.105,97370
Aug 25 2020 01: +0,0.106,101164
Aug 26 2020 01: +0,0.105,87144
Aug 27 2020 01: +0,0.105,88983
Aug 28 2020 01: +0,0.107,93561
Aug 29 2020 01: +0,0.109,95411
Aug 30 2020 01: +0,0.109,88677
Aug 31 2020 01: +0,0.109,88694
Sep 01 2020 01: +0,0.113,89637
Sep 02 2020 01: +0,0.114,88875
Sep 03 2020 01: +0,0.116,83592
Sep 04 2020 01: +0,0.119,88662
Sep 05 2020 01: +0,0.118,93612
Sep 06 2020 01: +0,0.121,96785
Sep 07 2020 01: +0,0.122,87109
Sep 08 2020 01: +0,0.121,80425
Sep 09 2020 01: +0,0.118,84885
Sep 10 2020 01: +0,0.12,89530
Sep 11 2020 01: +0,0.121,89439
Sep 12 2020 01: +0,0.12,96647
Sep 13 2020 01: +0,0.119,94929
Sep 14 2020 01: +0,0.12,94639
Sep 15 2020 01: +0,0.121,86567
Sep 16 2020 01: +0,0.124,96437
Sep 17 2020 01: +0,0.122,85930
Sep 18 2020 01: +0,0.123,98512
Sep 19 2020 01: +0,0.123,98490
Sep 20 2020 01: +0,0.122,94482
Sep 21 2020 01: +0,0.123,92713
Sep 22 2020 01: +0,0.123,85011
Sep 23 2020 01: +0,0.123,82966
Sep 24 2020 01: +0,0.122,81466
Sep 25 2020 01: +0,0.122,92872
Sep 26 2020 01: +0,0.123,94716
Sep 27 2020 01: +0,0.119,97128
Sep 28 2020 01: +0,0.12,85486
Sep 29 2020 01: +0,0.12,85425
Sep 30 2020 01: +0,0.122,95148
Oct 01 2020 01: +0,0.124,100343
Oct 02 2020 01: +0,0.125,95096
Oct 03 2020 01: +0,0.122,91368
Oct 04 2020 01: +0,0.122,97701
Oct 05 2020 01: +0,0.123,86218
Oct 06 2020 01: +0,0.123,87979
Oct 07 2020 01: +0,0.12,82517
Oct 08 2020 01: +0,0.12,79974
Oct 09 2020 01: +0,0.122,87164
Oct 10 2020 01: +0,0.123,84035
Oct 11 2020 01: +0,0.12,86991
Oct 12 2020 01: +0,0.12,79728
Oct 13 2020 01: +0,0.115,77142
Oct 14 2020 01: +0,0.111,75944
Oct 15 2020 01: +0,0.11,75957
Oct 16 2020 01: +0,0.107,77467
Oct 17 2020 01: +0,0.106,79008
Oct 18 2020 01: +0,0.105,77901
Oct 19 2020 01: +0,0.105,75101
Oct 20 2020 01: +0,0.106,73530
Oct 21 2020 01: +0,0.108,80228
Oct 22 2020 01: +0,0.11,87385
Oct 23 2020 01: +0,0.112,88871
Oct 24 2020 01: +0,0.112,88036
Oct 25 2020 01: +0,0.111,87330
Oct 26 2020 01: +0,0.108,76494
Oct 27 2020 01: +0,0.106,84252
Oct 28 2020 01: +0,0.11,88953
Oct 29 2020 01: +0,0.107,88703
Oct 30 2020 01: +0,0.104,87679
Oct 31 2020 01: +0,0.104,92327
Nov 01 2020 01: +0,0.105,100590
Nov 02 2020 01: +0,0.106,76308
Nov 03 2020 01: +0,0.104,86753
Nov 04 2020 01: +0,0.105,94210
Nov 05 2020 01: +0,0.105,89962
Nov 06 2020 01: +0,0.105,85992
Nov 07 2020 01: +0,0.106,95712
Nov 08 2020 01: +0,0.102,93055
Nov 09 2020 01: +0,0.102,95960
Nov 10 2020 01: +0,0.102,87587
Nov 11 2020 01: +0,0.101,93147
Nov 12 2020 01: +0,0.103,87957
Nov 13 2020 01: +0,0.102,84194
Nov 14 2020 01: +0,0.103,92549
Nov 15 2020 01: +0,0.102,90403
Nov 16 2020 01: +0,0.102,86294
Nov 17 2020 01: +0,0.099,89755
Nov 18 2020 01: +0,0.098,86254
Nov 19 2020 01: +0,0.095,89226
Nov 20 2020 01: +0,0.093,89081
Nov 21 2020 01: +0,0.094,94491
Nov 22 2020 01: +0,0.093,89331
Nov 23 2020 01: +0,0.092,82093
Nov 24 2020 01: +0,0.091,86702
Nov 25 2020 01: +0,0.09,95956
Nov 26 2020 01: +0,0.086,113457
Nov 27 2020 01: +0,0.081,110454
Nov 28 2020 01: +0,0.079,107061
Nov 29 2020 01: +0,0.079,104025
Nov 30 2020 01: +0,0.078,97434
Dec 01 2020 01: +0,0.08,93471
Dec 02 2020 01: +0,0.085,86377
Dec 03 2020 01: +0,0.085,107203
Dec 04 2020 01: +0,0.067,125413
Dec 05 2020 01: +0,0.069,101705
Dec 06 2020 01: +0,0.072,95447
Dec 07 2020 01: +0,0.072,96662
Dec 08 2020 01: +0,0.075,86877
Dec 09 2020 01: +0,0.071,86621
Dec 10 2020 01: +0,0.071,86859
Dec 11 2020 01: +0,0.069,89444
Dec 12 2020 01: +0,0.067,91011
Dec 13 2020 01: +0,0.071,96483
Dec 14 2020 01: +0,0.07,84837
Dec 15 2020 01: +0,0.072,94643
Dec 16 2020 01: +0,0.076,113281
Dec 17 2020 01: +0,0.079,86086
Dec 18 2020 01: +0,0.079,86886
Dec 19 2020 01: +0,0.082,93233
Dec 20 2020 01: +0,0.086,97406
Dec 21 2020 01: +0,0.089,100013
Dec 22 2020 01: +0,0.084,102811
Dec 23 2020 01: +0,0.085,110433
Dec 24 2020 01: +0,0.091,116710
Dec 25 2020 01: +0,0.099,115942
Dec 26 2020 01: +0,0.106,136274
Dec 27 2020 01: +0,0.109,102410
Dec 28 2020 01: +0,0.115,133066
Dec 29 2020 01: +0,0.119,123326
Dec 30 2020 01: +0,0.123,121881
Dec 31 2020 01: +0,0.128,126709
Jan 01 2021 01: +0,0.135,132500
Jan 02 2021 01: +0,0.136,121013
Jan 03 2021 01: +0,0.132,121353
Jan 04 2021 01: +0,0.13,123212
Jan 05 2021 01: +0,0.112,121717
Jan 06 2021 01: +0,0.115,100229
Jan 07 2021 01: +0,0.119,101899
Jan 08 2021 01: +0,0.126,102067
Jan 09 2021 01: +0,0.133,118220
Jan 10 2021 01: +0,0.139,105543
Jan 11 2021 01: +0,0.137,94694
Jan 12 2021 01: +0,0.134,107633
Jan 13 2021 01: +0,0.134,106824
Jan 14 2021 01: +0,0.135,115471
Jan 15 2021 01: +0,0.137,117794
Jan 16 2021 01: +0,0.14,126910
Jan 17 2021 01: +0,0.143,117375
Jan 18 2021 01: +0,0.149,125584
Jan 19 2021 01: +0,0.157,183987
Jan 20 2021 01: +0,0.164,161537
Jan 21 2021 01: +0,0.171,129628
Jan 22 2021 01: +0,0.176,133519
Jan 23 2021 01: +0,0.173,116616
Jan 24 2021 01: +0,0.172,116958
Jan 25 2021 01: +0,0.177,133543
Jan 26 2021 01: +0,0.181,116956
Jan 27 2021 01: +0,0.177,111753
Jan 28 2021 01: +0,0.147,196394
Jan 29 2021 01: +0,0.15,133804
Jan 30 2021 01: +0,0.149,135045
Jan 31 2021 01: +0,0.153,135752
Feb 01 2021 01: +0,0.152,109818
Feb 02 2021 01: +0,0.149,106626
Feb 03 2021 01: +0,0.149,111166
Feb 04 2021 01: +0,0.15,107260
Feb 05 2021 01: +0,0.151,103278
Feb 06 2021 01: +0,0.148,103150
Feb 07 2021 01: +0,0.145,100735
Feb 08 2021 01: +0,0.14,100446
Feb 09 2021 01: +0,0.139,107417
Feb 10 2021 01: +0,0.139,118804
Feb 11 2021 01: +0,0.144,134136
Feb 12 2021 01: +0,0.137,118819
Feb 13 2021 01: +0,0.129,130069
Feb 14 2021 01: +0,0.124,109485
Feb 15 2021 01: +0,0.119,102639
Feb 16 2021 01: +0,0.12,100186
Feb 17 2021 01: +0,0.117,96719
Feb 18 2021 01: +0,0.117,94995
Feb 19 2021 01: +0,0.12,100382
Feb 20 2021 01: +0,0.121,111545
Feb 21 2021 01: +0,0.12,105436
Feb 22 2021 01: +0,0.126,120137
Feb 23 2021 01: +0,0.143,154777
Feb 24 2021 01: +0,0.158,164287
Feb 25 2021 01: +0,0.174,172672
Feb 26 2021 01: +0,0.18,168316
Feb 27 2021 01: +0,0.181,165228
Feb 28 2021 01: +0,0.181,172190
Mar 01 2021 01: +0,0.188,188382
Mar 02 2021 01: +0,0.204,202521
Mar 03 2021 01: +0,0.237,207753
Mar 04 2021 01: +0,0.246,155583
Mar 05 2021 01: +0,0.246,178424
Mar 06 2021 01: +0,0.247,181759
Mar 07 2021 01: +0,0.25,178385
Mar 08 2021 01: +0,0.259,180494
Mar 09 2021 01: +0,0.265,193699
Mar 10 2021 01: +0,0.284,208527
Mar 11 2021 01: +0,0.331,191801
Mar 12 2021 01: +0,0.348,177221
Mar 13 2021 01: +0,0.344,175782
Mar 14 2021 01: +0,0.326,146344
Mar 15 2021 01: +0,0.3,144310
Mar 16 2021 01: +0,0.259,145823
Mar 17 2021 01: +0,0.24,146459
Mar 18 2021 01: +0,0.241,142319
Mar 19 2021 01: +0,0.236,155020
Mar 20 2021 01: +0,0.238,155722
Mar 21 2021 01: +0,0.244,152477
Mar 22 2021 01: +0,0.245,135292
Mar 23 2021 01: +0,0.254,143306
Mar 24 2021 01: +0,0.259,133440
Mar 25 2021 01: +0,0.268,134229
Mar 26 2021 01: +0,0.28,143127
Mar 27 2021 01: +0,0.285,138950
Mar 28 2021 01: +0,0.288,143360
Mar 29 2021 01: +0,0.292,127007
Mar 30 2021 01: +0,0.294,120600
Mar 31 2021 01: +0,0.297,135525
Apr 01 2021 01: +0,0.309,138277
Apr 02 2021 01: +0,0.321,144005
Apr 03 2021 01: +0,0.328,143982
Apr 04 2021 01: +0,0.33,131694
Apr 05 2021 01: +0,0.328,133188
Apr 06 2021 01: +0,0.323,124660
Apr 07 2021 01: +0,0.288,134710
Apr 08 2021 01: +0,0.253,151066
Apr 09 2021 01: +0,0.262,187294
Apr 10 2021 01: +0,0.262,176401
Apr 11 2021 01: +0,0.251,129272
Apr 12 2021 01: +0,0.252,129369
Apr 13 2021 01: +0,0.247,126123
Apr 14 2021 01: +0,0.258,35713
Apr 15 2021 01: +0,0.257,144670
Apr 16 2021 01: +0,0.25,133296
Apr 17 2021 01: +0,0.253,136615
Apr 18 2021 01: +0,0.249,117112
Apr 19 2021 01: +0,0.254,116591
Apr 20 2021 01: +0,0.253,113228
Apr 21 2021 01: +0,0.252,112966
Apr 22 2021 01: +0,0.253,117555
Apr 23 2021 01: +0,0.253,111024
Apr 24 2021 01: +0,0.256,114307
Apr 25 2021 01: +0,0.257,117277
Apr 26 2021 01: +0,0.258,109268
Apr 27 2021 01: +0,0.261,112253
Apr 28 2021 01: +0,0.264,105028
Apr 29 2021 01: +0,0.262,103460
Apr 30 2021 01: +0,0.264,112539
May 01 2021 01: +0,0.266,109973
May 02 2021 01: +0,0.272,116477
May 03 2021 01: +0,0.265,109182
May 04 2021 01: +0,0.257,148474
May 05 2021 01: +0,0.256,136522
May 06 2021 01: +0,0.254,128912
May 07 2021 01: +0,0.255,129720
May 08 2021 01: +0,0.255,126990
May 09 2021 01: +0,0.264,120321
May 10 2021 01: +0,0.255,108922
May 11 2021 01: +0,0.253,106041
May 12 2021 01: +0,0.247,107272
May 13 2021 01: +0,0.247,114580
May 14 2021 01: +0,0.249,110917
May 15 2021 01: +0,0.242,116736
May 16 2021 01: +0,0.236,109203
May 17 2021 01: +0,0.236,97087
May 18 2021 01: +0,0.236,99497
May 19 2021 01: +0,0.237,102326
May 20 2021 01: +0,0.237,109610
May 21 2021 01: +0,0.231,105818
May 22 2021 01: +0,0.233,106705
May 23 2021 01: +0,0.224,105674
May 24 2021 01: +0,0.221,102224
May 25 2021 01: +0,0.223,104910
May 26 2021 01: +0,0.224,97212
May 27 2021 01: +0,0.224,104937
May 28 2021 01: +0,0.228,114009
May 29 2021 01: +0,0.234,130647
May 30 2021 01: +0,0.247,129212
May 31 2021 01: +0,0.251,117479
Jun 01 2021 01: +0,0.262,122535
Jun 02 2021 01: +0,0.286,147085
Jun 03 2021 01: +0,0.296,123457
Jun 04 2021 01: +0,0.359,386712
Jun 05 2021 01: +0,0.432,217036
Jun 06 2021 01: +0,0.332,146963
Jun 07 2021 01: +0,0.337,111402
Jun 08 2021 01: +0,0.343,107162
Jun 09 2021 01: +0,0.358,116401
Jun 10 2021 01: +0,0.392,106587
Jun 11 2021 01: +0,0.423,114614
Jun 12 2021 01: +0,0.419,107453
Jun 13 2021 01: +0,0.384,105188
Jun 14 2021 01: +0,0.353,100201
Jun 15 2021 01: +0,0.349,101953
Jun 16 2021 01: +0,0.358,98442
Jun 17 2021 01: +0,0.341,94902
Jun 18 2021 01: +0,0.34,97370
Jun 19 2021 01: +0,0.35,101916
Jun 20 2021 01: +0,0.343,97292
Jun 21 2021 01: +0,0.333,101095
Jun 22 2021 01: +0,0.335,99514
Jun 23 2021 01: +0,0.316,91572
Jun 24 2021 01: +0,0.297,113518
Jun 25 2021 01: +0,0.299,127327
Jun 26 2021 01: +0,0.298,109736
Jun 27 2021 01: +0,0.298,98395
Jun 28 2021 01: +0,0.298,105659
Jun 29 2021 01: +0,0.296,99093
Jun 30 2021 01: +0,0.287,94533
Jul 01 2021 01: +0,0.283,90311
Jul 02 2021 01: +0,0.274,89669
Jul 03 2021 01: +0,0.273,97473
Jul 04 2021 01: +0,0.268,86274
Jul 05 2021 01: +0,0.254,90021
Jul 06 2021 01: +0,0.254,87436
Jul 07 2021 01: +0,0.251,96468
Jul 08 2021 01: +0,0.243,83705
Jul 09 2021 01: +0,0.252,80403
Jul 10 2021 01: +0,0.257,73894
Jul 11 2021 01: +0,0.242,71417
Jul 12 2021 01: +0,0.24,84311
Jul 13 2021 01: +0,0.244,74635
Jul 14 2021 01: +0,0.244,78855
Jul 15 2021 01: +0,0.246,76348
Jul 16 2021 01: +0,0.248,73687
Jul 17 2021 01: +0,0.25,77634
Jul 18 2021 01: +0,0.26,80224
Jul 19 2021 01: +0,0.256,82718
Jul 20 2021 01: +0,0.259,74369
Jul 21 2021 01: +0,0.254,80006
Jul 22 2021 01: +0,0.265,83117
Jul 23 2021 01: +0,0.269,81241
Jul 24 2021 01: +0,0.262,79621
Jul 25 2021 01: +0,0.266,79643
Jul 26 2021 01: +0,0.262,72650
Jul 27 2021 01: +0,0.265,39289
Jul 28 2021 01: +0,0.258,73780
Jul 29 2021 01: +0,0.244,79636
Jul 30 2021 01: +0,0.244,77352
Jul 31 2021 01: +0,0.238,80232
Aug 01 2021 01: +0,0.235,71284
Aug 02 2021 01: +0,0.235,75667
Aug 03 2021 01: +0,0.232,73652
Aug 04 2021 01: +0,0.232,66052
Aug 05 2021 01: +0,0.237,56609
Aug 06 2021 01: +0,0.227,78684
Aug 07 2021 01: +0,0.22,76605
Aug 08 2021 01: +0,0.218,79680
Aug 09 2021 01: +0,0.214,75986
Aug 10 2021 01: +0,0.207,79405
Aug 11 2021 01: +0,0.205,73692
Aug 12 2021 01: +0,0.201,66420
Aug 13 2021 01: +0,0.198,75115
Aug 14 2021 01: +0,0.2,73859
Aug 15 2021 01: +0,0.188,68537
Aug 16 2021 01: +0,0.184,65434
Aug 17 2021 01: +0,0.173,73436
Aug 18 2021 01: +0,0.167,74569
Aug 19 2021 01: +0,0.17,76253
Aug 20 2021 01: +0,0.171,74472
Aug 21 2021 01: +0,0.171,68905
Aug 22 2021 01: +0,0.168,76428
Aug 23 2021 01: +0,0.164,73519
Aug 24 2021 01: +0,0.162,74949
Aug 25 2021 01: +0,0.155,69737
Aug 26 2021 01: +0,0.159,69179
Aug 27 2021 01: +0,0.158,73192
Aug 28 2021 01: +0,0.159,75056
Aug 29 2021 01: +0,0.16,72914
Aug 30 2021 01: +0,0.166,74010
Aug 31 2021 01: +0,0.176,82766
Sep 01 2021 01: +0,0.193,80318
Sep 02 2021 01: +0,0.201,77342
Sep 03 2021 01: +0,0.205,75832
Sep 04 2021 01: +0,0.203,80276
Sep 05 2021 01: +0,0.199,74409
Sep 06 2021 01: +0,0.2,68661
Sep 07 2021 01: +0,0.192,68230
Sep 08 2021 01: +0,0.19,71961
Sep 09 2021 01: +0,0.194,67346
Sep 10 2021 01: +0,0.189,86143
Sep 11 2021 01: +0,0.189,93857
Sep 12 2021 01: +0,0.192,90631
Sep 13 2021 01: +0,0.199,75014
Sep 14 2021 01: +0,0.198,74460
Sep 15 2021 01: +0,0.201,76693
Sep 16 2021 01: +0,0.204,75845
Sep 17 2021 01: +0,0.204,84483
Sep 18 2021 01: +0,0.205,89813
Sep 19 2021 01: +0,0.2,80355
Sep 20 2021 01: +0,0.202,79880
Sep 21 2021 01: +0,0.207,73216
Sep 22 2021 01: +0,0.17,168194
Sep 23 2021 01: +0,0.165,102754
Sep 24 2021 01: +0,0.171,92620
Sep 25 2021 01: +0,0.17,91021
Sep 26 2021 01: +0,0.164,74112
Sep 27 2021 01: +0,0.165,68946
Sep 28 2021 01: +0,0.162,67281
Sep 29 2021 01: +0,0.161,79594
Sep 30 2021 01: +0,0.154,69610
Oct 01 2021 01: +0,0.153,71075
Oct 02 2021 01: +0,0.156,85181
Oct 03 2021 01: +0,0.152,75709
Oct 04 2021 01: +0,0.151,67507
Oct 05 2021 01: +0,0.154,69697
Oct 06 2021 01: +0,0.151,73091
Oct 07 2021 01: +0,0.154,75751
Oct 08 2021 01: +0,0.152,74072
Oct 09 2021 01: +0,0.148,28304
Oct 09 2021 14: +0,0.14,3625
Oct 09 2021 15: +0,0.144,4389
Oct 09 2021 16: +0,0.139,4755
Oct 09 2021 17: +0,0.149,4157
Oct 09 2021 18: +0,0.143,4658
Oct 09 2021 19: +0,0.14,4470
Oct 09 2021 20: +0,0.136,4062
Oct 09 2021 21: +0,0.139,4373
Oct 09 2021 22: +0,0.139,3222
Oct 09 2021 23: +0,0.139,3100
Oct 10 2021 00: +0,0.138,2140
Oct 10 2021 01: +0,0.14,1541
Oct 10 2021 02: +0,0.14,1712
Oct 10 2021 03: +0,0.146,2365
Oct 10 2021 04: +0,0.15,1921
Oct 10 2021 05: +0,0.149,1748
Oct 10 2021 06: +0,0.15,2083
Oct 10 2021 07: +0,0.146,1657
Oct 10 2021 08: +0,0.15,2102
Oct 10 2021 09: +0,0.148,2451
Oct 10 2021 10: +0,0.15,3057
Oct 10 2021 11: +0,0.146,2591
Oct 10 2021 12: +0,0.14,2976
Oct 10 2021 13: +0,0.139,2826
Oct 10 2021 14: +0,0.14,3454
Oct 10 2021 15: +0,0.139,3638
Oct 10 2021 16: +0,0.139,3494
Oct 10 2021 17: +0,0.149,4834
Oct 10 2021 18: +0,0.146,4590
Oct 10 2021 19: +0,0.143,4276
Oct 10 2021 20: +0,0.144,3920
Oct 10 2021 21: +0,0.139,3006
Oct 10 2021 22: +0,0.133,1956
Oct 10 2021 23: +0,0.132,1901
Oct 11 2021 00: +0,0.131,1338
Oct 11 2021 01: +0,0.136,1442
Oct 11 2021 02: +0,0.15,2000
Oct 11 2021 03: +0,0.14,2274
Oct 11 2021 04: +0,0.139,1325
Oct 11 2021 05: +0,0.135,1209
Oct 11 2021 06: +0,0.138,1547
Oct 11 2021 07: +0,0.138,1566
Oct 11 2021 08: +0,0.138,1831
Oct 11 2021 09: +0,0.136,1864
Oct 11 2021 10: +0,0.135,2001
Oct 11 2021 11: +0,0.135,2351
Oct 11 2021 12: +0,0.135,2724
Oct 11 2021 13: +0,0.135,3267
Oct 11 2021 14: +0,0.133,3813
Oct 11 2021 15: +0,0.139,3856
Oct 11 2021 16: +0,0.149,4026
Oct 11 2021 17: +0,0.14,4460
Oct 11 2021 18: +0,0.137,3828
Oct 11 2021 19: +0,0.132,4162
Oct 11 2021 20: +0,0.133,3804
Oct 11 2021 21: +0,0.135,3261
Oct 11 2021 22: +0,0.134,2506
Oct 11 2021 23: +0,0.134,2135
Oct 12 2021 00: +0,0.131,1307
Oct 12 2021 01: +0,0.134,1446
Oct 12 2021 02: +0,0.132,1199
Oct 12 2021 03: +0,0.138,1390
Oct 12 2021 04: +0,0.135,1200
Oct 12 2021 05: +0,0.132,1216
Oct 12 2021 06: +0,0.133,1296
Oct 12 2021 07: +0,0.136,1355
Oct 12 2021 08: +0,0.138,1243
Oct 12 2021 09: +0,0.132,1677
Oct 12 2021 10: +0,0.139,2487
Oct 12 2021 11: +0,0.135,2140
Oct 12 2021 12: +0,0.14,3527
Oct 12 2021 13: +0,0.139,3585
Oct 12 2021 14: +0,0.136,3450
Oct 12 2021 15: +0,0.135,3725
Oct 12 2021 16: +0,0.15,5575
Oct 12 2021 17: +0,0.136,4843
Oct 12 2021 18: +0,0.138,4398
Oct 12 2021 19: +0,0.133,3583
Oct 12 2021 20: +0,0.133,3639
Oct 12 2021 21: +0,0.136,3329
Oct 12 2021 22: +0,0.133,2875
Oct 12 2021 23: +0,0.132,1999
Oct 13 2021 00: +0,0.134,1709
Oct 13 2021 01: +0,0.135,1634
Oct 13 2021 02: +0,0.135,1643
Oct 13 2021 03: +0,0.136,1938
Oct 13 2021 04: +0,0.136,1073
Oct 13 2021 05: +0,0.138,1326
Oct 13 2021 06: +0,0.138,1785
Oct 13 2021 07: +0,0.138,1832
Oct 13 2021 08: +0,0.138,1891
Oct 13 2021 09: +0,0.142,1830
Oct 13 2021 10: +0,0.138,1938
Oct 13 2021 11: +0,0.14,3390
Oct 13 2021 12: +0,0.137,2583
Oct 13 2021 13: +0,0.139,2935
Oct 13 2021 14: +0,0.14,3914
Oct 13 2021 15: +0,0.138,3920
Oct 13 2021 16: +0,0.146,3852
Oct 13 2021 17: +0,0.149,4810
Oct 13 2021 18: +0,0.139,4086
Oct 13 2021 19: +0,0.139,4732
Oct 13 2021 20: +0,0.137,4153
Oct 13 2021 21: +0,0.132,2871
Oct 13 2021 22: +0,0.132,2567
Oct 13 2021 23: +0,0.132,2028
Oct 14 2021 00: +0,0.132,1894
Oct 14 2021 01: +0,0.13,1340
Oct 14 2021 02: +0,0.13,1310
Oct 14 2021 03: +0,0.13,1267
Oct 14 2021 04: +0,0.138,1682
Oct 14 2021 05: +0,0.139,1314
Oct 14 2021 06: +0,0.13,1510
Oct 14 2021 07: +0,0.132,1306
Oct 14 2021 08: +0,0.135,1548
Oct 14 2021 09: +0,0.137,2115
Oct 14 2021 10: +0,0.132,2477
Oct 14 2021 11: +0,0.136,2510
Oct 14 2021 12: +0,0.136,2636
Oct 14 2021 13: +0,0.129,2879
Oct 14 2021 14: +0,0.13,2966
Oct 14 2021 15: +0,0.13,3332
Oct 14 2021 16: +0,0.139,5157
Oct 14 2021 17: +0,0.133,3943
Oct 14 2021 18: +0,0.138,4560
Oct 14 2021 19: +0,0.133,4239
Oct 14 2021 20: +0,0.128,3687
Oct 14 2021 21: +0,0.129,3150
Oct 14 2021 22: +0,0.129,3021
Oct 14 2021 23: +0,0.127,3232
Oct 15 2021 00: +0,0.13,1619
Oct 15 2021 01: +0,0.129,1724
Oct 15 2021 02: +0,0.127,1218
Oct 15 2021 03: +0,0.129,1714
Oct 15 2021 04: +0,0.129,1471
Oct 15 2021 05: +0,0.137,1888
Oct 15 2021 06: +0,0.132,1361
Oct 15 2021 07: +0,0.138,1321
Oct 15 2021 08: +0,0.137,1888
Oct 15 2021 09: +0,0.139,3378
Oct 15 2021 10: +0,0.138,2653
Oct 15 2021 11: +0,0.138,2346
Oct 15 2021 12: +0,0.137,2344
Oct 15 2021 13: +0,0.137,3526
Oct 15 2021 14: +0,0.139,3711
Oct 15 2021 15: +0,0.138,4496
Oct 15 2021 16: +0,0.137,3493
Oct 15 2021 17: +0,0.133,4097
Oct 15 2021 18: +0,0.132,3997
Oct 15 2021 19: +0,0.132,5349
Oct 15 2021 20: +0,0.129,3804
Oct 15 2021 21: +0,0.129,3343
Oct 15 2021 22: +0,0.127,3279
Oct 15 2021 23: +0,0.128,3393
Oct 16 2021 00: +0,0.129,1946
Oct 16 2021 01: +0,0.129,1673
Oct 16 2021 02: +0,0.13,1821
Oct 16 2021 03: +0,0.13,1401
Oct 16 2021 04: +0,0.13,1365
Oct 16 2021 05: +0,0.13,1541
Oct 16 2021 06: +0,0.129,1709
Oct 16 2021 07: +0,0.133,1788
Oct 16 2021 08: +0,0.138,2037
Oct 16 2021 09: +0,0.138,2992
Oct 16 2021 10: +0,0.13,2694
Oct 16 2021 11: +0,0.13,3115
Oct 16 2021 12: +0,0.13,3012
Oct 16 2021 13: +0,0.132,4064
Oct 16 2021 14: +0,0.13,3997
Oct 16 2021 15: +0,0.133,5395
Oct 16 2021 16: +0,0.13,3806
Oct 16 2021 17: +0,0.133,4245
Oct 16 2021 18: +0,0.13,4313
Oct 16 2021 19: +0,0.139,6266
Oct 16 2021 20: +0,0.127,4417
Oct 16 2021 21: +0,0.129,4597
Oct 16 2021 22: +0,0.127,3091
Oct 16 2021 23: +0,0.129,2595
Oct 17 2021 00: +0,0.123,1608
Oct 17 2021 01: +0,0.13,1713
Oct 17 2021 02: +0,0.129,1463
Oct 17 2021 03: +0,0.129,1448
Oct 17 2021 04: +0,0.138,1718
Oct 17 2021 05: +0,0.138,1612
Oct 17 2021 06: +0,0.132,1156
Oct 17 2021 07: +0,0.129,1588
Oct 17 2021 08: +0,0.137,2302
Oct 17 2021 09: +0,0.139,2904
Oct 17 2021 10: +0,0.139,3476
Oct 17 2021 11: +0,0.141,6095
Oct 17 2021 12: +0,0.137,2676
Oct 17 2021 13: +0,0.133,2994
Oct 17 2021 14: +0,0.13,2922
Oct 17 2021 15: +0,0.127,3146
Oct 17 2021 16: +0,0.126,3441
Oct 17 2021 17: +0,0.129,3791
Oct 17 2021 18: +0,0.126,3524
Oct 17 2021 19: +0,0.126,3794
Oct 17 2021 20: +0,0.125,2739
Oct 17 2021 21: +0,0.126,3327
Oct 17 2021 22: +0,0.126,2826
Oct 17 2021 23: +0,0.126,2112
Oct 18 2021 00: +0,0.13,1847
Oct 18 2021 01: +0,0.126,1326
Oct 18 2021 02: +0,0.129,1321
Oct 18 2021 03: +0,0.127,1164
Oct 18 2021 04: +0,0.128,1154
Oct 18 2021 05: +0,0.14,1578
Oct 18 2021 06: +0,0.133,1361
Oct 18 2021 07: +0,0.138,1989
Oct 18 2021 08: +0,0.137,2383
Oct 18 2021 09: +0,0.13,2823
Oct 18 2021 10: +0,0.127,3112
Oct 18 2021 11: +0,0.126,2864
Oct 18 2021 12: +0,0.126,3015
Oct 18 2021 13: +0,0.127,3359
Oct 18 2021 14: +0,0.13,3985
Oct 18 2021 15: +0,0.134,3451
Oct 18 2021 16: +0,0.127,2398
Oct 18 2021 17: +0,0.13,4094
Oct 18 2021 18: +0,0.129,3799
Oct 18 2021 19: +0,0.128,3332
Oct 18 2021 20: +0,0.13,4276
Oct 18 2021 21: +0,0.126,3494
Oct 18 2021 22: +0,0.126,2799
Oct 18 2021 23: +0,0.126,1701
Oct 19 2021 00: +0,0.126,1465
Oct 19 2021 01: +0,0.127,1688
Oct 19 2021 02: +0,0.129,1649
Oct 19 2021 03: +0,0.126,1243
Oct 19 2021 04: +0,0.129,1457
Oct 19 2021 05: +0,0.128,1149
Oct 19 2021 06: +0,0.131,1310
Oct 19 2021 07: +0,0.14,2520
Oct 19 2021 08: +0,0.139,2367
Oct 19 2021 09: +0,0.138,1870
Oct 19 2021 10: +0,0.137,2642
Oct 19 2021 11: +0,0.139,2472
Oct 19 2021 12: +0,0.14,2815
Oct 19 2021 13: +0,0.139,3197
Oct 19 2021 14: +0,0.128,2719
Oct 19 2021 15: +0,0.127,3150
Oct 19 2021 16: +0,0.13,3966
Oct 19 2021 17: +0,0.129,3435
Oct 19 2021 18: +0,0.126,3793
Oct 19 2021 19: +0,0.127,3815
Oct 19 2021 20: +0,0.126,3115
Oct 19 2021 21: +0,0.127,3742
Oct 19 2021 22: +0,0.124,2597
Oct 19 2021 23: +0,0.127,2486
Oct 20 2021 00: +0,0.125,1822
Oct 20 2021 01: +0,0.13,1860
Oct 20 2021 02: +0,0.127,1619
Oct 20 2021 03: +0,0.128,1187
Oct 20 2021 04: +0,0.14,1248
Oct 20 2021 05: +0,0.134,1636
Oct 20 2021 06: +0,0.138,1661
Oct 20 2021 07: +0,0.138,2005
Oct 20 2021 08: +0,0.14,2137
Oct 20 2021 09: +0,0.133,1661
Oct 20 2021 10: +0,0.127,2216
Oct 20 2021 11: +0,0.125,2018
Oct 20 2021 12: +0,0.13,3039
Oct 20 2021 13: +0,0.128,2910
Oct 20 2021 14: +0,0.126,2208
Oct 20 2021 15: +0,0.127,3971
Oct 20 2021 16: +0,0.133,3295
Oct 20 2021 17: +0,0.128,3655
Oct 20 2021 18: +0,0.127,4397
Oct 20 2021 19: +0,0.126,4184
Oct 20 2021 20: +0,0.128,4503
Oct 20 2021 21: +0,0.128,3493
Oct 20 2021 22: +0,0.12,2141
Oct 20 2021 23: +0,0.121,2304
Oct 21 2021 00: +0,0.122,1989
Oct 21 2021 01: +0,0.129,1672
Oct 21 2021 02: +0,0.13,1945
Oct 21 2021 03: +0,0.14,2259
Oct 21 2021 04: +0,0.14,1266
Oct 21 2021 05: +0,0.14,1106
Oct 21 2021 06: +0,0.15,1800
Oct 21 2021 07: +0,0.14,1455
Oct 21 2021 08: +0,0.134,1464
Oct 21 2021 09: +0,0.13,1771
Oct 21 2021 10: +0,0.125,1604
Oct 21 2021 11: +0,0.128,2201
Oct 21 2021 12: +0,0.127,2667
Oct 21 2021 13: +0,0.129,2496
Oct 21 2021 14: +0,0.13,2835
Oct 21 2021 15: +0,0.136,3529
Oct 21 2021 16: +0,0.13,3228
Oct 21 2021 17: +0,0.124,3104
Oct 21 2021 18: +0,0.127,3708
Oct 21 2021 19: +0,0.122,3003
Oct 21 2021 20: +0,0.123,3317
Oct 21 2021 21: +0,0.123,3043
Oct 21 2021 22: +0,0.124,2615
Oct 21 2021 23: +0,0.124,1942
Oct 22 2021 00: +0,0.122,2764
Oct 22 2021 01: +0,0.122,3546
Oct 22 2021 02: +0,0.122,3210
Oct 22 2021 03: +0,0.122,2020
Oct 22 2021 04: +0,0.122,1942
Oct 22 2021 05: +0,0.127,1981
Oct 22 2021 06: +0,0.127,2440
Oct 22 2021 07: +0,0.124,2937
Oct 22 2021 08: +0,0.127,3943
Oct 22 2021 09: +0,0.124,3896
Oct 22 2021 10: +0,0.124,3815
Oct 22 2021 11: +0,0.122,5275
Oct 22 2021 12: +0,0.131,4365
Oct 22 2021 13: +0,0.122,4384
Oct 22 2021 14: +0,0.123,5184
Oct 22 2021 15: +0,0.122,5264
Oct 22 2021 16: +0,0.119,3455
Oct 22 2021 17: +0,0.12,5055
Oct 22 2021 18: +0,0.124,5927
Oct 22 2021 19: +0,0.121,5419
Oct 22 2021 20: +0,0.12,5957
Oct 22 2021 21: +0,0.122,5353
Oct 22 2021 22: +0,0.12,4113
Oct 22 2021 23: +0,0.123,5206
Oct 23 2021 00: +0,0.122,2796
Oct 23 2021 01: +0,0.125,2116
Oct 23 2021 02: +0,0.123,1786
Oct 23 2021 03: +0,0.125,1912
Oct 23 2021 04: +0,0.122,1544
Oct 23 2021 05: +0,0.125,1915
Oct 23 2021 06: +0,0.123,2774
Oct 23 2021 07: +0,0.127,3744
Oct 23 2021 08: +0,0.125,3878
Oct 23 2021 09: +0,0.122,5204
Oct 23 2021 10: +0,0.122,4751
Oct 23 2021 11: +0,0.122,4313
Oct 23 2021 12: +0,0.126,5024
Oct 23 2021 13: +0,0.126,4404
Oct 23 2021 14: +0,0.126,5390
Oct 23 2021 15: +0,0.125,4647
Oct 23 2021 16: +0,0.12,4282
Oct 23 2021 17: +0,0.124,5943
Oct 23 2021 18: +0,0.12,5266
Oct 23 2021 19: +0,0.12,4596
Oct 23 2021 20: +0,0.12,4885
Oct 23 2021 21: +0,0.124,5070
Oct 23 2021 22: +0,0.122,3862
Oct 23 2021 23: +0,0.116,2469
Oct 24 2021 00: +0,0.113,2540
Oct 24 2021 01: +0,0.12,2245
Oct 24 2021 02: +0,0.114,1521
Oct 24 2021 03: +0,0.122,1923
Oct 24 2021 04: +0,0.115,1509
Oct 24 2021 05: +0,0.128,1474
Oct 24 2021 06: +0,0.127,2302
Oct 24 2021 07: +0,0.128,2290
Oct 24 2021 08: +0,0.127,1900
Oct 24 2021 09: +0,0.12,2501
Oct 24 2021 10: +0,0.114,3400
Oct 24 2021 11: +0,0.116,3246
Oct 24 2021 12: +0,0.114,2939
Oct 24 2021 13: +0,0.115,3147
Oct 24 2021 14: +0,0.116,3675
Oct 24 2021 15: +0,0.119,4123
Oct 24 2021 16: +0,0.116,3509
Oct 24 2021 17: +0,0.116,3656
Oct 24 2021 18: +0,0.117,4362
Oct 24 2021 19: +0,0.114,3453
Oct 24 2021 20: +0,0.115,3356
Oct 24 2021 21: +0,0.114,3394
Oct 24 2021 22: +0,0.119,3331
Oct 24 2021 23: +0,0.119,2285
Oct 25 2021 00: +0,0.117,2213
Oct 25 2021 01: +0,0.13,2362
Oct 25 2021 02: +0,0.13,1728
Oct 25 2021 03: +0,0.12,1417
Oct 25 2021 04: +0,0.127,1734
Oct 25 2021 05: +0,0.12,1630
Oct 25 2021 06: +0,0.12,2315
Oct 25 2021 07: +0,0.122,1370
Oct 25 2021 08: +0,0.127,2687
Oct 25 2021 09: +0,0.12,2510
Oct 25 2021 10: +0,0.119,2301
Oct 25 2021 11: +0,0.12,2797
Oct 25 2021 12: +0,0.12,2916
Oct 25 2021 13: +0,0.12,3074
Oct 25 2021 14: +0,0.119,3507
Oct 25 2021 15: +0,0.12,3754
Oct 25 2021 16: +0,0.12,4439
Oct 25 2021 17: +0,0.12,4562
Oct 25 2021 18: +0,0.117,4550
Oct 25 2021 19: +0,0.117,4961
Oct 25 2021 20: +0,0.117,4660
Oct 25 2021 21: +0,0.117,3671
Oct 25 2021 22: +0,0.116,3281
Oct 25 2021 23: +0,0.121,1379
Oct 26 2021 00: +0,0.118,1751
Oct 26 2021 01: +0,0.122,3047
Oct 26 2021 02: +0,0.12,1845
Oct 26 2021 03: +0,0.117,1448
Oct 26 2021 04: +0,0.121,1490
Oct 26 2021 05: +0,0.12,1364
Oct 26 2021 06: +0,0.12,1154
Oct 26 2021 07: +0,0.127,1937
Oct 26 2021 08: +0,0.116,1546
Oct 26 2021 09: +0,0.121,2651
Oct 26 2021 10: +0,0.117,2431
Oct 26 2021 11: +0,0.12,2842
Oct 26 2021 12: +0,0.128,3695
Oct 26 2021 13: +0,0.12,2952
Oct 26 2021 14: +0,0.127,3501
Oct 26 2021 15: +0,0.116,3535
Oct 26 2021 16: +0,0.125,3853
Oct 26 2021 17: +0,0.121,3283
Oct 26 2021 18: +0,0.117,3976
Oct 26 2021 19: +0,0.116,3737
Oct 26 2021 20: +0,0.116,3826
Oct 26 2021 21: +0,0.12,3278
Oct 26 2021 22: +0,0.12,2928
Oct 26 2021 23: +0,0.12,2553
Oct 27 2021 00: +0,0.117,1450
Oct 27 2021 01: +0,0.12,2011
Oct 27 2021 02: +0,0.116,1535
Oct 27 2021 03: +0,0.12,1624
Oct 27 2021 04: +0,0.121,1559
Oct 27 2021 05: +0,0.12,1526
Oct 27 2021 06: +0,0.12,1275
Oct 27 2021 07: +0,0.12,1905
Oct 27 2021 08: +0,0.12,1894
Oct 27 2021 09: +0,0.118,1711
Oct 27 2021 10: +0,0.119,2250
Oct 27 2021 11: +0,0.119,2463
Oct 27 2021 12: +0,0.119,2947
Oct 27 2021 13: +0,0.117,3252
Oct 27 2021 14: +0,0.12,3595
Oct 27 2021 15: +0,0.119,4078
Oct 27 2021 16: +0,0.12,4060
Oct 27 2021 17: +0,0.118,3612
Oct 27 2021 18: +0,0.117,4495
Oct 27 2021 19: +0,0.118,4584
Oct 27 2021 20: +0,0.12,3772
Oct 27 2021 21: +0,0.116,3367
Oct 27 2021 22: +0,0.117,3954
Oct 27 2021 23: +0,0.116,2620
Oct 28 2021 00: +0,0.117,2000
Oct 28 2021 01: +0,0.12,1618
Oct 28 2021 02: +0,0.117,1274
Oct 28 2021 03: +0,0.116,418
Oct 28 2021 04: +0,0.118,1185
Oct 28 2021 05: +0,0.116,967
Oct 28 2021 06: +0,0.12,1358
Oct 28 2021 07: +0,0.127,1728
Oct 28 2021 08: +0,0.117,1626
Oct 28 2021 09: +0,0.12,1913
Oct 28 2021 10: +0,0.12,2619
Oct 28 2021 11: +0,0.121,3149
Oct 28 2021 12: +0,0.115,2427
Oct 28 2021 13: +0,0.116,3445
Oct 28 2021 14: +0,0.121,3676
Oct 28 2021 15: +0,0.116,3317
Oct 28 2021 16: +0,0.118,3885
Oct 28 2021 17: +0,0.118,4807
Oct 28 2021 18: +0,0.116,4714
Oct 28 2021 19: +0,0.113,5990
Oct 28 2021 20: +0,0.115,4550
Oct 28 2021 21: +0,0.116,4551
Oct 28 2021 22: +0,0.118,3706
Oct 28 2021 23: +0,0.117,2955
Oct 29 2021 00: +0,0.117,2227
Oct 29 2021 01: +0,0.117,1803
Oct 29 2021 02: +0,0.12,2027
Oct 29 2021 03: +0,0.119,1760
Oct 29 2021 04: +0,0.119,1497
Oct 29 2021 05: +0,0.12,1900
Oct 29 2021 06: +0,0.12,1997
Oct 29 2021 07: +0,0.125,2803
Oct 29 2021 08: +0,0.119,2431
Oct 29 2021 09: +0,0.12,2346
Oct 29 2021 10: +0,0.121,3465
Oct 29 2021 11: +0,0.12,2800
Oct 29 2021 12: +0,0.12,3749
Oct 29 2021 13: +0,0.119,3537
Oct 29 2021 14: +0,0.119,3633
Oct 29 2021 15: +0,0.118,4088
Oct 29 2021 16: +0,0.122,4857
Oct 29 2021 17: +0,0.118,5207
Oct 29 2021 18: +0,0.116,4781
Oct 29 2021 19: +0,0.113,4400
Oct 29 2021 20: +0,0.113,4406
Oct 29 2021 21: +0,0.112,4337
Oct 29 2021 22: +0,0.112,3296
Oct 29 2021 23: +0,0.112,3093
Oct 30 2021 00: +0,0.113,2354
Oct 30 2021 01: +0,0.113,2365
Oct 30 2021 02: +0,0.113,1584
Oct 30 2021 03: +0,0.115,2029
Oct 30 2021 04: +0,0.12,1651
Oct 30 2021 05: +0,0.114,1640
Oct 30 2021 06: +0,0.115,1833
Oct 30 2021 07: +0,0.112,1893
Oct 30 2021 08: +0,0.113,2261
Oct 30 2021 09: +0,0.112,2152
Oct 30 2021 10: +0,0.113,2981
Oct 30 2021 11: +0,0.112,3414
Oct 30 2021 12: +0,0.11,3292
Oct 30 2021 13: +0,0.109,4226
Oct 30 2021 14: +0,0.109,3993
Oct 30 2021 15: +0,0.112,6590
Oct 30 2021 16: +0,0.111,5545
Oct 30 2021 17: +0,0.111,5158
Oct 30 2021 18: +0,0.111,4733
Oct 30 2021 19: +0,0.111,4258
Oct 30 2021 20: +0,0.111,4351
Oct 30 2021 21: +0,0.111,4395
Oct 30 2021 22: +0,0.109,3187
Oct 30 2021 23: +0,0.116,3828
Oct 31 2021 00: +0,0.11,2157
Oct 31 2021 01: +0,0.111,1953
Oct 31 2021 02: +0,0.11,1433
Oct 31 2021 03: +0,0.116,1754
Oct 31 2021 04: +0,0.113,1835
Oct 31 2021 05: +0,0.113,1543
Oct 31 2021 06: +0,0.12,1618
Oct 31 2021 07: +0,0.116,2032
Oct 31 2021 08: +0,0.113,2255
Oct 31 2021 09: +0,0.113,2817
Oct 31 2021 10: +0,0.115,3675
Oct 31 2021 11: +0,0.115,3689
Oct 31 2021 12: +0,0.113,3850
Oct 31 2021 13: +0,0.112,4603
Oct 31 2021 14: +0,0.117,5481
Oct 31 2021 15: +0,0.115,5098
Oct 31 2021 16: +0,0.112,4253
Oct 31 2021 17: +0,0.113,4835
Oct 31 2021 18: +0,0.113,5697
Oct 31 2021 19: +0,0.111,5302
Oct 31 2021 20: +0,0.113,5497
Oct 31 2021 21: +0,0.113,6417
Oct 31 2021 22: +0,0.109,3553
Oct 31 2021 23: +0,0.108,2673
Nov 01 2021 00: +0,0.107,2145
Nov 01 2021 01: +0,0.11,2050
Nov 01 2021 02: +0,0.109,1541
Nov 01 2021 03: +0,0.111,1552
Nov 01 2021 04: +0,0.11,1192
Nov 01 2021 05: +0,0.119,1701
Nov 01 2021 06: +0,0.115,1455
Nov 01 2021 07: +0,0.119,1651
Nov 01 2021 08: +0,0.113,1926
Nov 01 2021 09: +0,0.113,2092
Nov 01 2021 10: +0,0.113,2597
Nov 01 2021 11: +0,0.113,3404
Nov 01 2021 12: +0,0.12,3593
Nov 01 2021 13: +0,0.113,4096
Nov 01 2021 14: +0,0.117,3759
Nov 01 2021 15: +0,0.119,4449
Nov 01 2021 16: +0,0.114,4009
Nov 01 2021 17: +0,0.119,4040
Nov 01 2021 18: +0,0.113,4345
Nov 01 2021 19: +0,0.112,4322
Nov 01 2021 20: +0,0.109,3937
Nov 01 2021 21: +0,0.109,3877
Nov 01 2021 22: +0,0.12,4450
Nov 01 2021 23: +0,0.108,2217
Nov 02 2021 00: +0,0.108,2162
Nov 02 2021 01: +0,0.12,1721
Nov 02 2021 02: +0,0.119,1516
Nov 02 2021 03: +0,0.12,1491
Nov 02 2021 04: +0,0.12,1592
Nov 02 2021 05: +0,0.116,921
Nov 02 2021 06: +0,0.119,1542
Nov 02 2021 07: +0,0.12,1510
Nov 02 2021 08: +0,0.127,2245
Nov 02 2021 09: +0,0.12,1842
Nov 02 2021 10: +0,0.115,2455
Nov 02 2021 11: +0,0.113,2594
Nov 02 2021 12: +0,0.12,2528
Nov 02 2021 13: +0,0.12,3200
Nov 02 2021 14: +0,0.116,3729
Nov 02 2021 15: +0,0.116,3520
Nov 02 2021 16: +0,0.116,4191
Nov 02 2021 17: +0,0.13,5571
Nov 02 2021 18: +0,0.117,4590
Nov 02 2021 19: +0,0.118,3730
Nov 02 2021 20: +0,0.12,3773
Nov 02 2021 21: +0,0.116,3728
Nov 02 2021 22: +0,0.116,3325
Nov 02 2021 23: +0,0.115,2988
Nov 03 2021 00: +0,0.116,1958
Nov 03 2021 01: +0,0.121,2510
Nov 03 2021 02: +0,0.128,1985
Nov 03 2021 03: +0,0.122,1736
Nov 03 2021 04: +0,0.122,1674
Nov 03 2021 05: +0,0.126,2009
Nov 03 2021 06: +0,0.127,1363
Nov 03 2021 07: +0,0.119,1811
Nov 03 2021 08: +0,0.119,2141
Nov 03 2021 09: +0,0.119,1665
Nov 03 2021 10: +0,0.119,2298
Nov 03 2021 11: +0,0.116,2670
Nov 03 2021 12: +0,0.114,2421
Nov 03 2021 13: +0,0.118,3975
Nov 03 2021 14: +0,0.12,3669
Nov 03 2021 15: +0,0.126,4535
Nov 03 2021 16: +0,0.127,4618
Nov 03 2021 17: +0,0.12,5039
Nov 03 2021 18: +0,0.12,5095
Nov 03 2021 19: +0,0.118,4000
Nov 03 2021 20: +0,0.12,4482
Nov 03 2021 21: +0,0.12,4200
Nov 03 2021 22: +0,0.12,3057
Nov 03 2021 23: +0,0.116,3166
Nov 04 2021 00: +0,0.12,2451
Nov 04 2021 01: +0,0.122,1908
Nov 04 2021 02: +0,0.127,2412
Nov 04 2021 03: +0,0.12,1367
Nov 04 2021 04: +0,0.127,1510
Nov 04 2021 05: +0,0.126,946
Nov 04 2021 06: +0,0.126,1219
Nov 04 2021 07: +0,0.13,1635
Nov 04 2021 08: +0,0.119,1721
Nov 04 2021 09: +0,0.122,2065
Nov 04 2021 10: +0,0.126,3424
Nov 04 2021 11: +0,0.12,2356
Nov 04 2021 12: +0,0.12,2609
Nov 04 2021 13: +0,0.12,2877
Nov 04 2021 14: +0,0.12,3915
Nov 04 2021 15: +0,0.12,3841
Nov 04 2021 16: +0,0.121,3767
Nov 04 2021 17: +0,0.126,4133
Nov 04 2021 18: +0,0.119,4039
Nov 04 2021 19: +0,0.118,3892
Nov 04 2021 20: +0,0.117,4090
Nov 04 2021 21: +0,0.119,4416
Nov 04 2021 22: +0,0.119,2870
Nov 04 2021 23: +0,0.12,3620
Nov 05 2021 00: +0,0.119,2255
Nov 05 2021 01: +0,0.12,2160
Nov 05 2021 02: +0,0.12,1904
Nov 05 2021 03: +0,0.124,1573
Nov 05 2021 04: +0,0.127,1289
Nov 05 2021 05: +0,0.128,1413
Nov 05 2021 06: +0,0.128,2054
Nov 05 2021 07: +0,0.13,1975
Nov 05 2021 08: +0,0.13,2379
Nov 05 2021 09: +0,0.135,3336
Nov 05 2021 10: +0,0.127,5625
Nov 05 2021 11: +0,0.127,4326
Nov 05 2021 12: +0,0.127,3593
Nov 05 2021 13: +0,0.126,3709
Nov 05 2021 14: +0,0.125,3360
Nov 05 2021 15: +0,0.122,3032
Nov 05 2021 16: +0,0.124,3284
Nov 05 2021 17: +0,0.125,3622
Nov 05 2021 18: +0,0.127,4435
Nov 05 2021 19: +0,0.127,4964
Nov 05 2021 20: +0,0.128,4619
Nov 05 2021 21: +0,0.127,4843
Nov 05 2021 22: +0,0.127,5553
Nov 05 2021 23: +0,0.127,3790
Nov 06 2021 00: +0,0.128,3002
Nov 06 2021 01: +0,0.13,2610
Nov 06 2021 02: +0,0.13,1910
Nov 06 2021 03: +0,0.13,2219
Nov 06 2021 04: +0,0.133,1940
Nov 06 2021 05: +0,0.138,2146
Nov 06 2021 06: +0,0.137,1808
Nov 06 2021 07: +0,0.137,2025
Nov 06 2021 08: +0,0.138,2883
Nov 06 2021 09: +0,0.139,5077
Nov 06 2021 10: +0,0.141,4020
Nov 06 2021 11: +0,0.14,3889
Nov 06 2021 12: +0,0.141,4650
Nov 06 2021 13: +0,0.14,3929
Nov 06 2021 14: +0,0.145,7345
Nov 06 2021 15: +0,0.144,6333
Nov 06 2021 16: +0,0.143,5016
Nov 06 2021 17: +0,0.14,4232
Nov 06 2021 18: +0,0.143,5153
Nov 06 2021 19: +0,0.148,5435
Nov 06 2021 20: +0,0.14,4933
Nov 06 2021 21: +0,0.141,4250
Nov 06 2021 22: +0,0.138,3801
Nov 06 2021 23: +0,0.138,3899
Nov 07 2021 00: +0,0.138,2947
Nov 07 2021 01: +0,0.138,2176
Nov 07 2021 02: +0,0.138,1875
Nov 07 2021 03: +0,0.138,1655
Nov 07 2021 04: +0,0.149,1970
Nov 07 2021 05: +0,0.153,3676
Nov 07 2021 06: +0,0.15,1368
Nov 07 2021 07: +0,0.154,2960
Nov 07 2021 08: +0,0.148,2207
Nov 07 2021 09: +0,0.154,4186
Nov 07 2021 10: +0,0.151,3905
Nov 07 2021 11: +0,0.149,4026
Nov 07 2021 12: +0,0.151,4645
Nov 07 2021 13: +0,0.149,5166
Nov 07 2021 14: +0,0.14,3725
Nov 07 2021 15: +0,0.138,3881
Nov 07 2021 16: +0,0.138,4319
Nov 07 2021 17: +0,0.138,4685
Nov 07 2021 18: +0,0.136,4209
Nov 07 2021 19: +0,0.134,5264
Nov 07 2021 20: +0,0.133,4196
Nov 07 2021 21: +0,0.133,4550
Nov 07 2021 22: +0,0.131,3077
Nov 07 2021 23: +0,0.133,4699
Nov 08 2021 00: +0,0.13,2538
Nov 08 2021 01: +0,0.132,2197
Nov 08 2021 02: +0,0.13,1633
Nov 08 2021 03: +0,0.131,1890
Nov 08 2021 04: +0,0.133,1631
Nov 08 2021 05: +0,0.133,1267
Nov 08 2021 06: +0,0.136,1883
Nov 08 2021 07: +0,0.13,2173
Nov 08 2021 08: +0,0.13,1850
Nov 08 2021 09: +0,0.13,2356
Nov 08 2021 10: +0,0.13,2603
Nov 08 2021 11: +0,0.13,2592
Nov 08 2021 12: +0,0.13,3045
Nov 08 2021 13: +0,0.129,3001
Nov 08 2021 14: +0,0.128,3424
Nov 08 2021 15: +0,0.128,3753
Nov 08 2021 16: +0,0.126,3353
Nov 08 2021 17: +0,0.126,3996
Nov 08 2021 18: +0,0.125,4222
Nov 08 2021 19: +0,0.13,4233
Nov 08 2021 20: +0,0.121,4386
Nov 08 2021 21: +0,0.12,3358
Nov 08 2021 22: +0,0.119,2634
Nov 08 2021 23: +0,0.119,2092
Nov 09 2021 00: +0,0.117,1712
Nov 09 2021 01: +0,0.118,1329
Nov 09 2021 02: +0,0.119,1815
Nov 09 2021 03: +0,0.13,2095
Nov 09 2021 04: +0,0.13,1220
Nov 09 2021 05: +0,0.128,1330
Nov 09 2021 06: +0,0.127,1219
Nov 09 2021 07: +0,0.127,1310
Nov 09 2021 08: +0,0.128,1612
Nov 09 2021 09: +0,0.13,1654
Nov 09 2021 10: +0,0.127,1854
Nov 09 2021 11: +0,0.13,2444
Nov 09 2021 12: +0,0.13,2381
